Label,Seat tube length,Teeth on chainring 0,Wheel diameter front,Saddle height,Stack,Seat tube diameter,Head tube length textfield,Dropout spacing
1,588.7,53,689,768,565.6,34,135.6,130
1,460,48,623,600,565.6,28.6,91.8,130
2,535,44,670,755,565.6,35,165,135
2,520,42,699,753,565.6,35,123.6,135
2,457,39,745,830,565.6,31.8,105,135
2,562,36,750,785,565.6,27.5,103.8,135
2,457,39,745,830,565.6,31.8,105.4,135
1,588.7,53,689,768,565.6,34,150.2,130
1,610,50,674,807,565.6,33.4,167.7,130
1,480,52,640,605,565.6,28.6,49,130
2,480,36,670,755,565.6,30,136,135
2,482.6,42,670,718,565.6,31.8,111,135
1,690,54,674,724,565.6,31.8,125,130
2,530,32,736,776,565.6,31.8,150,135
1,465,53,674,728,565.6,32,126.4,130
1,580,44,674,764,565.6,31,148.6,130
2,520,42,699,753,565.6,35,123.6,135
2,520,42,699,753,565.6,35,123.6,135
1,615.6,53,674,702,565.6,35,117.9,130
1,618.7,44,674,777,565.6,28.6,175.8,120
1,530.6,50,674,700,565.6,28.5,100,130
1,515,53,674,718,565.6,31.8,145,130
2,530,42,670,760,565.6,30.8,168,135
1,588.7,48,674,777,565.6,28.6,165.6,130
2,291.1,23,640,365,565.6,30,120.3,130
1,516.9,53,674,718,565.6,31.8,145,120
1,515,53,674,718,565.6,31.8,145,130
1,515.2,53,674,735,565.6,31.8,145,135
1,515,53,674,718,565.6,31.8,145,135
1,515,53,674,718,565.6,31.8,145,130
2,521.5,53,680,718,565.6,31.8,145,135
2,290.9,23,640,365,565.6,30,115,130
1,500,48,611,600,565.6,28,99.8,130
1,500,48,611,600,565.6,28,99.8,130
1,500,48,611,600,565.6,28,99.8,130
2,535,32,805,760,565.6,30.4,130,135
1,567,53,680,718,565.6,39,170.6,120
2,291.1,23,640,365,565.6,30,114.4,130
1,582.5,52,674,755,565.6,31.8,127.7,130
2,515.4,26,670,810,565.6,31.8,160.6,130
1,547.7,52,674,724,565.6,28.6,150.8,130
1,630,52,685,810,565.6,28.6,194.5,130
1,578,53,674,815,565.6,34.8,205.3,130
1,605,53,674,815,565.6,31.8,213,130
2,580,42,670,760,565.6,30.8,161.7,135
2,430,44,655,718,565.6,30,110,130
2,505,42,670,730,565.6,30.2,150,135
2,505,42,670,730,565.6,34.2,165,135
2,505,36,670,730,565.6,30.2,150,135
2,505,36,736,735,565.6,30.2,125,135
2,505,44,670,720,565.6,30.2,150,135
2,480,42,670,700,565.6,34.2,145,135
1,573.9,50,674,751,565.6,31.8,179.8,130
2,520,46,670,735,565.6,30.4,165,135
2,520,36,736,745,565.6,30.4,135,135
1,585.4,53,674,718,565.6,34.9,220.4,130
2,520,36,736,745,565.6,30.4,125,135
1,547.5,52,674,724,565.6,28.6,144.2,130
1,590.3,53,674,718,565.6,56,132.4,130
2,521.5,53,674,718,565.6,37,145,135
1,619.9,70,674,750,565.6,31.8,145,130
1,612.3,52,680,718,565.6,35,144.6,130
1,528.3,53,674,718,565.6,45.8,145,130
1,612.3,52,680,718,565.6,35,268.5,130
1,420,52,477,695,565.6,28.6,267.3,135
2,600,46,698.5,810,565.6,31.8,180.4,130
2,560.1,36,698.5,807,565.6,31.8,175,130
1,585,50,674,724,565.6,31.8,150.7,130
1,590.3,53,674,718,565.6,56,132.4,130
1,558.5,50,674,731,565.6,34.9,109.8,130
1,680,53,674,901,565.6,31.8,230,130
1,515,53,674,695,565.6,31.8,145,130
1,680,53,674,901,565.6,31.8,261.4,130
1,646,46,685,810,565.6,31.8,129.6,130
1,570,53,674,718,565.6,28.6,180.8,130
1,532.6,53,674,718,565.6,50,151.1,130
2,510,35,750,770,565.6,31.8,117.3,135
1,537,53,674,718,565.6,31.8,85.3,135
1,532.6,50,674,725,565.6,50,150.4,130
1,593.9,50,680,780,565.6,28.6,148.1,130
1,474.7,53,674,671,565.6,31.8,125,130
1,605,53,674,815,565.6,31.8,213,130
1,534.1,44,674,725,565.6,28.6,121.3,130
2,300.5,25,674,380,565.6,31.8,115,135
1,545.6,48,674,700,565.6,28,120.1,130
1,576.5,53,674,718,565.6,55,138.3,130
2,485,34,736,735,565.6,30.2,110,135
2,300.2,25,674,390,565.6,31.8,115,135
1,301.6,23,674,375,565.6,31.8,115,130
1,510,53,674,689,565.6,31.8,106,130
1,301.6,23,674,375,565.6,31.8,115,130
1,520,53,674,763,565.6,31.8,110.6,130
1,640,53,674,870,565.6,31.8,300,130
1,476,53,674,689,565.6,31.8,127.3,130
1,540,53,674,760,565.6,31.8,150,130
2,600,38,705,770,565.6,31.8,155.7,135
2,480,36,670,720,565.6,34.9,135,135
1,515,53,674,718,565.6,31.8,145,130
1,540,53,674,760,565.6,31.8,150,130
1,612.9,49,664,738,565.6,31.8,145,135
1,341.4,30,710,458,565.6,31.8,124.8,135
1,630,53,674,870,565.6,31.8,300,130
1,515,53,670,718,565.6,31.8,152.5,130
1,550,53,674,772,565.6,56,96,130
1,575,53,674,750,565.6,31.8,159.9,130
2,514.8,53,674,718,565.6,31.8,145,130
2,290,32,600,340,565.6,31.8,119.3,130
1,557.2,53,674,718,565.6,31.8,129.9,130
2,520,42,699,753,565.6,35,138.3,135
1,520,53,674,696,565.6,31.8,125,130
2,428,53,684,718,565.6,31.8,95.6,135
1,556.8,50,674,724,565.6,34.9,124,130
1,515,53,674,718,565.6,31.8,145,130
1,306.1,43,694,395,565.6,31.8,125,130
1,597.4,53,674,753,565.6,31.8,201,130
1,597.1,53,674,718,565.6,31.8,178.7,130
2,557.1,36,736,810,565.6,31.8,176.8,130
1,306.4,43,694,395,565.6,31.8,125,130
1,730,53,674,780,565.6,28.6,155.4,130
1,730,53,674,795,565.6,28.6,170,130
2,482.6,38,736,733,565.6,31.8,124,135
1,730,53,674,795,565.6,28.6,170,130
1,532,42,674,684,565.6,31.8,170,120
1,589.2,53,674,718,565.6,27.2,145,130
2,467.9,34,699,753,565.6,30,120.2,135
2,432,44,740,715,565.6,31.8,100,130
1,533.5,50,680,660,565.6,35.8,120.6,130
2,248,25,674,718,565.6,27.2,100,135
2,432,44,740,715,565.6,31.8,100,130
1,590.7,53,674,667,565.6,28.6,118.6,130
1,590.7,53,674,667,565.6,28.6,122.3,130
1,321.8,23,690,380,565.6,31.8,125.7,130
1,614,42,674,770,565.6,28.6,180,130
1,479.1,53,674,615,565.6,31.8,108.3,130
1,515.1,46,674,718,565.6,31.8,145,130
1,515,53,674,718,565.6,31.8,145,130
1,513.2,53,674,718,565.6,31.8,145,130
1,539,53,676,748,565.6,29.2,177.7,130
1,535.6,53,670,718,565.6,28.6,91.1,130
1,297.4,53,674,718,565.6,31.8,120,130
1,555.5,53,674,725,565.6,50,96.4,130
1,525.6,53,670,627,565.6,28.6,94.2,130
1,552.1,53,674,662,565.6,31.8,102,130
2,490,32,698.5,810,565.6,31.8,166.4,130
1,573.2,53,674,768,565.6,31.8,175,130
1,541,53,674,768,565.6,31.8,200,130
1,0,3,863.6,610,565.6,28.6,60,130
1,598.1,53,674,772,565.6,31.8,199,130
1,541,53,674,768,565.6,31.8,200,130
1,573.2,53,674,768,565.6,31.8,175,130
1,590,53,674,718,565.6,31.8,160,130
1,515,53,674,718,565.6,40,145,130
2,530,32,626,810,565.6,31.8,175.1,130
1,503.8,50,674,698,565.6,31.8,150.1,130
2,482.6,44,736,733,565.6,31.8,111,135
2,560.9,32,670,760,565.6,25.4,123.6,130
1,509.1,53,674,718,565.6,31.8,135.5,130
2,546,44,736,830,565.6,31.8,130,135
1,583.1,53,674,772,565.6,31.8,183.9,130
1,551.1,53,674,723,565.6,34.9,159.3,130
1,559,46,674,730,565.6,31.8,161.1,130
1,582,50,674,725,565.6,28.6,147,130
1,593.2,48,674,800,565.6,31.8,181.6,130
2,430,44,910,724,565.6,31.8,100,135
1,550,53,674,718,565.6,31.8,145,130
1,767,49,674,840,565.6,31.8,145,120
1,742,53,674,718,565.6,31.8,177.5,130
1,602,53,674,780,565.6,31.8,177.5,130
2,546,44,736,850,565.6,31.8,137.8,135
1,507.7,53,674,718,565.6,28.6,133.4,130
1,550.4,53,622,725,565.6,28.6,153.1,135
1,508.1,44,740,751,565.6,31.8,125,130
2,311.4,38,649,436,565.6,31.8,98,135
2,290.6,32,565,360,565.6,31.8,120,130
1,570,48,661,716,565.6,28.6,147.9,130
1,430,46,495,780,565.6,28.6,200,135
1,525,40,674,772,565.6,28.6,95.2,130
1,614,50,647.9,724,565.6,28.6,167.7,135
2,436,44,670,590,565.6,31.8,112.7,135
1,577.1,53,674,662,565.6,31.8,145,130
1,464.2,50,674,645,565.6,31.8,105.5,130
1,464.2,50,674,645,565.6,31.8,105.5,130
1,447.2,50,674,636,565.6,31.8,135.3,130
1,430,70,774,628,565.6,28.6,91.5,135
2,310,42,674,429,565.6,31.8,110,135
2,357.4,43,674,460,565.6,31.8,145,135
2,315.3,28,694,370,565.6,31.8,125,130
1,289.4,32,580,330,565.6,31.8,110,130
1,514.4,53,466,555,565.6,31.8,309.2,130
2,345.8,28,674,430,565.6,31.8,115,130
1,516.9,53,700,802.7,565.6,35,145,120
1,596.9,53,674,718,565.6,31.8,144.6,130
2,520,42,699,753,565.6,35,138.3,135
1,535,40,674,718,565.6,28.6,108.4,130
2,505,44,670,735,565.6,31.2,165,135
1,637,52,689,810,565.6,28.6,197.3,130
1,306.2,32,694,395,565.6,31.8,125,130
2,482,44,690,725,565.6,28.6,130,135
2,470,32,737,671,565.6,28.6,117.6,135
1,617,40,695,810,565.6,28.6,172.2,130
2,490.2,36,690,725,565.6,28.6,123.3,135
1,527.5,53,674,665,565.6,31.8,115.4,130
1,490,53,674,655,565.6,31.8,81,130
2,370,36,630,520,565.6,31.8,80,130
2,298.7,32,600,450,565.6,31.8,100,135
2,350,36,630,560,565.6,40,100,135
1,595.6,50,680,770,565.6,28.6,154.3,130
1,520,48,685,662,565.6,27.5,79.7,130
1,552.5,48,674,700,565.6,28,110,130
2,400,44,670,580,565.6,31.8,111,135
1,552,53,674,718,565.6,31.8,145,130
2,449.5,44,736,700,565.6,31.8,146.5,135
2,353.4,36,640,550,565.6,40,100,130
2,482.6,36,740,733,565.6,31.8,111.9,135
1,325.8,34,600,400,565.6,31.8,120,135
2,410,43,611,630,565.6,28.6,152.9,130
2,380,28,750,460,565.6,29,102.3,135
2,435,36,670,673,565.6,25.4,116.5,135
1,514.7,53,674,718,565.6,31.8,126,130
2,353.4,36,640,550,565.6,40,100,130
1,515,53,674,718,565.6,31.8,145,130
1,665.3,55,674,765,565.6,35,185,130
1,560,50,674,759,565.6,36,140.9,130
1,591.7,53,674,759,565.6,31.8,148.8,130
2,465,53,674,718,565.6,31.8,100,130
1,465,53,674,660,565.6,31.8,110,130
1,468.9,53,674,660,565.6,31.8,100.6,130
2,355,32,736,665,565.6,31.8,90,135
1,517.6,53,674,718,565.6,31.8,145,130
1,338.9,25,674,425,565.6,31.8,145,135
1,316,32,610,375,565.6,31.8,100,135
1,569.2,50,674,680,565.6,28,120.2,130
1,569.2,50,674,680,565.6,28,122.1,130
1,505,50,674,680,565.6,28,114.6,130
2,465.1,53,674,733,565.6,31.8,125.1,130
2,419.9,33,674,718,565.6,31.8,150.7,130
1,579,53,674,718,565.6,31.8,140,130
1,596.8,53,674,706,565.6,31.8,143.2,130
1,584.7,50,674,798,565.6,31.8,171.4,130
1,590,50,674,742,565.6,31.8,170.2,130
1,584.7,50,674,798,565.6,31.8,169.5,130
2,450,36,736,740,565.6,28.6,90.1,135
1,637,40,685,810,565.6,28.6,208.8,130
1,606,48,674,778,565.6,28.8,165,130
1,449.8,50,614,627,565.6,31.8,138.4,130
1,500,50,700,740,565.6,31.8,105.8,130
1,649,42,674,828,565.6,28.8,145,130
2,440,36,736,729,565.6,28.6,100,135
2,480,32,736,671,565.6,28.6,115.1,135
1,609,42,674,808,565.6,28.8,160.9,130
1,251,20,400,300,565.6,31.8,120,130
1,582,53,674,775,565.6,31.8,161,130
2,480,36,736,749,565.6,28.6,105,135
1,540,46,700,718,565.6,28.6,125,130
1,550,53,674,800,565.6,31.8,104.2,130
1,439.4,53,674,666,565.6,31.8,98.3,130
1,439.4,53,674,666,565.6,31.8,98.3,130
1,439.4,53,674,666,565.6,31.8,98.3,130
1,657,46,690,810,565.6,28.6,219,130
2,530,33,736,770,565.6,31.8,115,130
2,495,42,670,786,565.6,34.9,145,135
2,495,42,670,786,565.6,34.9,145,135
2,580,33,670,770,565.6,31.8,180,130
1,630,50,674,865,565.6,31.8,191.4,130
1,630,50,674,865,565.6,31.8,191.4,130
2,400,53,674,673,565.6,31.8,142,130
1,570,53,674,718,565.6,31.8,175,130
2,426,40,665,600,565.6,31.8,136.4,135
2,412,53,740,673,565.6,31.8,113.5,130
1,743.3,53,674,795,565.6,31.8,202,130
2,480,36,736,720,565.6,28.6,105,135
1,743.3,53,674,795,565.6,31.8,202,130
1,600,32,640,800,565.6,31.8,193.5,130
1,600,32,700,800,565.6,31.8,160,130
1,600,32,700,800,565.6,31.8,180,130
1,630,50,674,865,565.6,31.8,191.4,130
2,450,33,736,700,565.6,28.6,90.1,135
2,405,44,670,580,565.6,31.8,110,135
1,534,44,674,743,565.6,28.6,116.8,130
1,575.3,53,659,718,565.6,28.6,254.1,130
1,515,53,674,807,565.6,31.8,145,130
1,465.3,53,629,600,565.6,28.6,139.5,130
1,600,32,640,800,565.6,31.8,180,130
2,430,44,736,665,565.6,31.8,94.6,135
1,439.4,53,674,666,565.6,31.8,98.3,130
1,439.4,53,674,666,565.6,31.8,98.3,130
1,520,50,700,700,565.6,31,149.2,135
1,579.9,50,674,764,565.6,31,151.3,130
1,515,50,674,812,565.6,31.8,145,130
1,640,50,674,840,565.6,29,199.9,130
1,480,50,674,680,565.6,31.8,130,130
1,570,53,674,769,565.6,31.8,163,130
1,525.9,50,678,726,565.6,28.6,165,130
1,594.2,53,674,718,565.6,31.8,163.9,130
2,485,44,736,738,565.6,31.8,170.7,135
1,594.2,53,674,718,565.6,31.8,163.9,130
1,594.2,53,674,718,565.6,31.8,163.9,130
1,594.2,53,674,718,565.6,31.8,163.9,130
1,594.2,53,674,718,565.6,31.8,163.9,130
1,594.2,53,674,718,565.6,31.8,163.9,130
1,306,43,694,395,565.6,31.8,125,130
1,546.7,50,680,726,565.6,28.6,151.1,130
1,516.1,42,682,718,565.6,31.8,152,120
1,465,53,674,718,565.6,25,118,130
1,594.2,53,674,718,565.6,31.8,163.9,130
1,594.2,53,674,718,565.6,31.8,163.9,130
1,535.9,52,674,721,565.6,31.8,143,130
1,431.2,42,600,620,565.6,31.8,161.2,135
1,315.7,25,700,365,565.6,31.8,125,130
1,431.2,42,615,620,565.6,31.8,102.1,135
1,464.9,53,674,689,565.6,33,136.1,130
1,645,53,674,718,565.6,31.8,180.3,130
1,580,50,685,730,565.6,28.6,132.7,130
1,580,50,685,730,565.6,28.6,132.7,130
1,580,50,685,730,565.6,28.6,132.7,130
1,556.8,53,674,718,565.6,31.8,131.9,130
2,285,32,600,340,565.6,31.8,100.4,130
1,515,53,674,718,565.6,31.8,145,130
1,515,53,674,718,565.6,31.8,145,130
2,520,39,690,780,565.6,28.6,147,135
1,515,53,674,718,565.6,31.8,145,130
1,600,50,674,737,565.6,31.8,109.7,120
1,616.3,53,700,718,565.6,31.8,120,130
1,606.4,49,700,718,565.6,31.8,110,130
2,535,32,736,760,565.6,30.4,130,135
1,515,53,674,857,565.6,31.8,145,130
1,563.8,53,600,700,565.6,31.8,90,130
1,685,47,692,870,565.6,28.6,259.4,135
2,520,39,690,780,565.6,28.6,140,135
2,516.5,25,670,718,565.6,31.8,145,135
1,640,50,674,840,565.6,29,199.9,130
1,514.8,53,674,745,565.6,31.8,140,130
1,520,32,730,770,565.6,31.8,174.9,135
1,540,53,674,718,565.6,40,165.9,130
2,507.2,53,736.7,718,565.6,28.6,125,135
2,590.4,32,736.6,839,565.6,31.8,231.5,135
1,503.3,50,674,645,565.6,31.8,90.5,130
2,520,42,670,700,565.6,31.8,180,130
1,635.3,53,674,718,565.6,31.8,180.2,130
2,492.6,44,700,660,565.6,28.6,108.8,135
2,410,32,740,785,565.6,31.8,105,135
2,540,52,689,795,565.6,35,200,135
1,513.3,53,674,670,565.6,31.8,145,130
2,540,52,689,795,565.6,35,200,135
2,406.8,36,740,673,565.6,28.9,107.1,135
1,580,48,685,730,565.6,28.6,132.7,130
1,547,53,674,718,565.6,31.8,103,130
1,561.9,53,674,718,565.6,31.8,111.8,130
1,580,50,675,718,565.6,34.9,190.2,130
1,560,50,675,710,565.6,34.9,185,130
1,605.5,46,674,718,565.6,31.8,115.2,130
2,750,39,736,799,565.6,34.9,110,135
1,514.3,53,674,810,565.6,31.8,145,130
1,547,53,674,700,565.6,31.8,103.8,130
1,561.9,53,674,700,565.6,31.8,111.8,130
2,520.7,34,682,650,565.6,26,54.4,120
1,575,53,674,718,565.6,28.6,140.4,130
1,421.4,42,615,620,565.6,31.8,141,135
1,550,50,674,751,565.6,34.6,157,130
2,450,52,685,620,565.6,28.6,152.2,135
1,480,53,674,654,565.6,31.8,101.6,130
1,538.8,53,674,718,565.6,31.8,183.8,130
1,488.5,53,674,718,565.6,31.8,115,130
1,480,53,674,654,565.6,31.8,105.7,130
1,596.1,46,674,718,565.6,31.8,115,130
2,333.8,13,674,420,565.6,40,105.4,135
2,350,30,660,470,565.6,31.8,113.2,135
2,300,30,660,400,565.6,31.8,138.5,135
2,395.1,40,674,550,565.6,31.8,120,130
1,562,53,674,700,565.6,31.8,113.1,130
2,373.8,23,674,500,565.6,31.8,118,130
2,377.7,53,674,450,565.6,31.8,120,130
1,562,53,676,730,565.6,31.8,113.1,130
1,600,32,640,800,565.6,31.8,203.3,130
1,580,53,674,718,565.6,28.6,140.4,130
2,401.5,42,635,500,565.6,31.8,86.2,130
1,596.1,46,674,718,565.6,31.8,115,130
1,519,53,674,683,565.6,31.8,138,130
1,560,46,700,715,565.6,31.8,145.1,135
1,515,53,674,718,565.6,31.8,145,130
1,565,50,674,751,565.6,31.8,171,130
1,560,50,674,751,565.6,31.8,155.3,130
1,580,50,674,751,565.6,31.8,174.6,130
1,540,50,674,751,565.6,31.8,150,130
1,565.6,53,674,718,565.6,28.6,120,130
1,596.7,53,674,718,565.6,31.8,145,130
1,477,50,504,750,565.6,28.6,220,130
1,470,37,700,650,565.6,31.8,27.1,135
1,580,48,685,730,565.6,28.6,131.4,130
2,430,39,740,722,565.6,40,103.4,135
1,257.7,25,500,400,565.6,31.8,110,130
1,516.9,53,674,718,565.6,31.8,158.8,120
1,205.8,20,500,310,565.6,31.8,120,130
1,515,46,674,671,565.6,28.6,145,130
1,368,28,700,500,565.6,31.8,122.7,130
2,552,53,674,718,565.6,31.8,138.6,130
2,552,38,700,740,565.6,31.8,126.6,130
1,500,53,674,742,565.6,31.8,137.4,130
1,635,53,674,736,565.6,43.8,153,130
1,499.1,53,674,718,565.6,31.8,145,130
1,580,53,674,762,565.6,31.8,180,130
1,560,53,674,807,565.6,31.8,169.5,130
1,561.9,53,674,700,565.6,31.8,118.5,130
1,550,50,674,840,565.6,29,109.5,130
1,593,53,674,780,565.6,35,154.6,130
2,515,53,674,718,565.6,31.8,145,135
1,548.7,52,694,700,565.6,31.8,150,130
1,295.1,33,674,400,565.6,31.8,110,130
1,472.9,52,674,760,565.6,27.2,167.7,130
1,520,50,674,685,565.6,31.8,99.1,130
1,486,53,674,718,565.6,34,51,130
1,515.7,39,670,746,565.6,31.8,163.1,135
1,520,50,674,684,565.6,31.8,88.9,130
2,345.5,30,674,518,565.6,31.8,110.4,135
2,393,34,700,718,565.6,31.8,90,135
1,580,53,670,718,565.6,31.8,185,130
1,520,53,674,718,565.6,31.8,129,130
2,500.5,25,680,698,565.6,40,145,135
1,516.2,39,673,746,565.6,31.8,181.9,135
1,580,48,685,730,565.6,28.6,131.4,130
2,555.5,53,674,600,565.6,31.8,156.9,130
2,516.1,53,674,718,565.6,31.8,145,130
1,606,52,674,820,565.6,28.8,166.1,130
1,509,53,674,683,565.6,31.8,124.9,130
1,516.2,39,673,746,565.6,31.8,181.9,135
1,543,53,674,718,565.6,31.8,149.1,130
1,509,53,674,683,565.6,31.8,125.6,130
1,596,50,692,790,565.6,31.8,151.4,130
1,580,53,670,718,565.6,28.6,185,130
1,589.1,49,674,718,565.6,28.6,161.1,130
1,540,52,670,718,565.6,28.6,185,130
2,450,52,685,620,565.6,28.6,152.2,135
1,550,53,674,733,565.6,31.8,150,130
1,516.1,53,674,649,565.6,31.8,145,130
1,606.6,45,674,730,565.6,31.8,160.8,120
1,577,53,627,718,565.6,31.8,180,130
2,358,20,700,420,565.6,31.8,100,135
1,689.9,50,674,715,565.6,28.6,100,130
1,580,48,685,730,565.6,28.6,131.4,130
1,490.7,53,674,671,565.6,31.8,152.9,130
1,515,53,674,718,565.6,31.8,145,130
1,480,50,674,680,565.6,31.8,130,130
1,480,50,674,680,565.6,31.8,115,130
1,500,50,674,680,565.6,31.8,110,130
2,285,53,584,718,565.6,31.8,115,130
2,715,36,736,755,565.6,28.6,135,135
2,315.5,32,674,500,565.6,40.8,100,130
1,340,42,592,550,565.6,31.8,100.6,120
1,451,32,700,650,565.6,31.8,145,135
1,263.8,20,600,380,565.6,31.8,145,130
1,515,53,674,718,565.6,31.8,145,130
2,715,36,736,755,565.6,28.6,100,135
2,307,32,674,375,565.6,30,111,130
1,515,53,674,718,565.6,31.8,150,130
2,494.8,32,736,680,565.6,34.8,120.6,135
2,400,32,700,680,565.6,34.8,101.4,135
2,280,22,584,350,565.6,30,115,135
1,515,53,674,718,565.6,31.8,145,130
2,516.9,53,674,720,565.6,31.8,145,130
1,595.4,53,674,733,565.6,31.8,135.9,130
2,400,42,760,800,565.6,31.8,120,135
1,515,53,674,718,565.6,31.8,145,130
1,490.7,53,674,671,565.6,31.8,132.3,130
1,565.8,53,670,883,565.6,28.6,124,130
2,260.3,30,780,700,565.6,50,100,135
2,425,38,670,650,565.6,28.6,110.2,135
1,657.1,53,674,718,565.6,31.8,180,130
1,605,53,674,718,565.6,28.6,200,130
2,475,32,670,733,565.6,31.8,190,135
1,578.8,50,671,870,565.6,34.9,243,130
2,500,40,760,800,565.6,38,100,135
2,315.5,32,705,370,565.6,31.8,125,130
1,515,53,674,718,565.6,31.8,145,130
1,512.2,53,689,668,565.6,28.6,106.6,130
1,576,52,674,820,565.6,28.8,185.8,130
1,560,39,674,825,565.6,28.8,185.8,130
1,578.8,40,686,712,565.6,28.6,160.8,130
1,622.7,53,460,718,565.6,31.8,250,130
1,585.2,48,684,810,565.6,31.8,179.5,130
2,300,53,584,320,565.6,31.8,115,130
2,300,53,584,320,565.6,31.8,115,130
2,353.4,29,640,450,565.6,40,89.9,130
2,400,42,660,698,565.6,31.8,103,135
2,300,22,584,0,565.6,31.8,115,130
1,446.2,38,685,653,565.6,28.6,90,135
1,385.1,36,692,500,565.6,31.8,130,135
1,340.1,32,609,410,565.6,31.8,130,135
2,296.3,22,584,310,565.6,31.8,115,130
1,540,53,674,730,565.6,31.8,122.4,130
1,588.4,40,686,712,565.6,28.6,151.2,130
1,592,53,724,718,565.6,31.8,158.8,130
1,540,53,674,730,565.6,31.8,158.1,130
1,730,44,680,800,565.6,35,170,130
2,420,34,640,650,565.6,30.9,109.7,135
1,549.3,48,684,810,565.6,28.6,175,130
1,547,53,674,700,565.6,31.8,103.8,130
1,620,32,640,800,565.6,31.8,180,130
1,404.7,53,700,475,565.6,31.8,145,130
2,420,36,674,718,565.6,27.2,106.4,135
2,445,44,670,718,565.6,27.2,124.8,135
2,440,44,670,718,565.6,27.2,124.8,135
2,440,44,670,718,565.6,27.2,124.8,135
1,605,48,684,810,565.6,28.6,179.6,130
1,581.3,53,674,700,565.6,31.8,129.8,130
1,581.3,53,674,700,565.6,31.8,156,130
1,547,53,674,700,565.6,31.8,105.7,130
2,370,36,745,685,565.6,28.6,105,135
2,568.4,32,710,807,565.6,31.8,118.8,130
1,502.4,53,674,666,565.6,31.8,142.4,130
1,567.2,53,674,718,565.6,29,149.2,130
1,569.1,53,674,785,565.6,28.6,127.8,130
2,323.1,25,730,415,565.6,31.8,145,110
2,323.1,25,730,415,565.6,31.8,145,110
1,567.2,53,674,718,565.6,29,149.2,130
1,567.2,53,674,718,565.6,29,149.2,130
1,567.2,53,674,718,565.6,29,149.2,130
1,567.2,53,674,718,565.6,29,149.2,130
2,323.1,25,730,415,565.6,31.8,145,110
1,517,53,674,718,565.6,31.8,145,130
1,592,53,724,718,565.6,31.8,158.8,130
1,515.4,53,674,718,565.6,31.8,144.8,120
1,550,53,463,718,565.6,31.8,250,130
1,515,53,674,718,565.6,31.8,145,130
2,519.9,44,710,807,565.6,31.8,160,135
1,519,53,674,718,565.6,31.8,145,130
1,482,53,674,718,565.6,31.8,114.1,135
1,547.8,48,684,810,565.6,28.6,179.5,130
2,296.3,22,584,310,565.6,31.8,115,130
1,549,53,700,715,565.6,28.6,115,130
2,405,38,725,518,565.6,38,100,135
2,350,38,725,448,565.6,38,100,135
2,450,38,725,538,565.6,38,100,135
2,355.3,38,700,500,565.6,35.8,86.2,135
2,403.1,38,700,500,565.6,35.8,85.6,135
2,451.6,38,700,550,565.6,35.8,100.4,135
1,519,53,674,718,565.6,31.8,145,130
1,474.7,40,674,655,565.6,31.8,135,130
1,578.7,50,671,870,565.6,34.9,243,130
2,480,36,670,755,565.6,30,133.2,135
2,276.3,22,680,310,565.6,31.8,110,130
2,276.3,22,680,310,565.6,31.8,110,130
2,480,36,670,755,565.6,30,132,135
1,381.5,38,725,455,565.6,31,100,130
1,601.6,53,674,725,565.6,31.8,151.1,130
2,520,42,680,763,565.6,35,140.4,135
2,520,42,680,763,565.6,35,140.4,135
2,520,42,680,763,565.6,35,140.4,135
2,520,42,680,763,565.6,35,140.4,135
1,600,48,674,780,565.6,31.8,184.9,130
2,393,34,700,718,565.6,31.8,120,135
2,560,42,712,718,565.6,31.8,140,135
2,279,28,680,358,565.6,31.8,129.2,130
1,510,50,674,718,565.6,31.8,110,130
1,539.8,48,650,675,565.6,31.8,190.8,130
2,485,36,670,755,565.6,30,125,135
2,527,33,670,770,565.6,31.8,115,130
1,567.5,53,674,718,565.6,31.8,145,130
1,560.8,53,674,765,565.6,31.8,128.6,130
1,512.5,43,674,718,565.6,31.8,145,130
2,544.3,53,674,718,565.6,31.8,276.3,130
1,520,48,650,675,565.6,28.6,189.3,130
1,567.2,53,674,718,565.6,35,144.7,130
1,567.2,53,674,718,565.6,35,144.7,130
1,567.2,53,674,718,565.6,35,144.7,130
1,494.1,53,674,718,565.6,31.8,145.3,130
1,600,53,674,718,565.6,31.8,145,130
1,567.2,53,674,718,565.6,35,144.7,130
1,567.2,53,674,718,565.6,35,144.7,130
1,567.2,53,674,718,565.6,35,144.7,130
1,567.2,53,674,718,565.6,29,149.2,130
1,567.2,53,674,718,565.6,29,144.7,130
1,567.2,53,674,718,565.6,29,144.7,130
1,567.2,53,674,718,565.6,29,144.7,130
1,567.2,53,674,718,565.6,29,144.7,130
1,567.2,53,674,718,565.6,29,144.7,130
1,515.3,53,674,718,565.6,31.8,145,130
1,515,52,689,768,565.6,31.8,145,130
2,400,36,730,628,565.6,32,115,175
1,544.7,50,684,726,565.6,28.6,147,130
2,635,44,740,740,565.6,29,279.7,135
1,545,50,674,764,565.6,28.6,148.6,130
1,640,53,674,807,565.6,31.8,193.3,130
1,550,52,486,780,565.6,28.6,287.6,120
1,536.8,53,695,765,565.6,29,158.1,130
1,510,35,736,750,565.6,31.8,105,135
1,630,50,674,875,565.6,31.8,278.6,130
1,625.6,52,674,795,565.6,40,170,130
2,457,53,674,718,565.6,30,140.9,130
1,321,30,665,390,565.6,32,115,130
1,313,28,610,370,565.6,32,115,130
1,347,30,668,430,565.6,32,115,130
1,336,28,611,380,565.6,32,113,130
2,413,34,665,555,565.6,32,110,130
2,440,34,665,505,565.6,32,115,130
2,500,38,665,655,565.6,32,125,130
1,525,53,689,740,565.6,31.8,145,135
2,530,38,665,655,565.6,32,140,130
2,560,38,665,655,565.6,32,155,130
2,381.5,38,592,455,565.6,31,100,135
1,550,53,674,765,565.6,35,159.9,130
1,602.7,53,674,778,565.6,34.9,191.4,130
2,514.6,53,628,718,565.6,31.8,150.2,135
2,514.6,44,628,718,565.6,31.8,122.2,135
1,499.1,53,674,718,565.6,31.8,145,130
1,425,53,674,550,565.6,31.8,150,135
1,308.8,22,592,375,565.6,31.8,110,130
1,610,26,670,718,565.6,31.8,153.4,135
2,435,36,736,695,565.6,28.6,110,135
2,436,36,670,695,565.6,28.6,110,135
1,525,28,670,650,565.6,31.8,148,135
1,425,53,674,550,565.6,31.8,150,135
1,630,50,686,785,565.6,28.6,175.3,130
1,610.8,53,674,745,565.6,31.8,150,130
1,547,53,674,745,565.6,31.8,130,130
1,558.2,53,676,718,565.6,31.8,135,130
1,568.3,53,676,718,565.6,31.8,142.7,130
1,630,44,686,785,565.6,28.6,175.3,130
1,443,53,670,718,565.6,31.8,145,130
1,565.3,53,674,718,565.6,28.6,216.9,130
1,587,53,674,718,565.6,31.8,150,130
2,310,38,670,518,565.6,26.8,110,135
2,333.7,40,750,500,565.6,41.8,145,135
2,350,38,725,448,565.6,38,100,135
2,310,38,670,450,565.6,26.8,110,135
1,572.4,46,674,701,565.6,28.6,131.6,130
1,627.8,53,674,825,565.6,31.8,210,130
1,627.8,53,674,825,565.6,31.8,210,130
2,432,32,670,724,565.6,31.8,115.1,135
1,572.4,44,674,718,565.6,31.8,145,130
1,450.3,48,638,618,565.6,28,84.5,130
1,514.4,44,592,600,565.6,31.8,145,135
1,585,52,674,770,565.6,31.8,160,130
2,400,38,400,538,565.6,38,110.7,135
1,587.5,53,674,751,565.6,31.8,153.3,130
1,567.4,53,685,718,565.6,31.8,128.9,130
1,567.4,53,685,718,565.6,31.8,128.9,130
1,586.8,53,685,718,565.6,31.8,142.8,130
1,586.8,53,685,718,565.6,31.8,142.8,130
1,647.8,53,674,718,565.6,31.8,168.5,130
1,582.2,53,674,778,565.6,34.9,191,130
1,539.3,50,674,755,565.6,34.9,149.6,130
1,592.5,48,674,780,565.6,28,152.6,130
1,494.4,48,674,620,565.6,28.6,94.5,130
1,573.5,50,674,755,565.6,34.9,164.9,130
1,541.5,50,689,700,565.6,34.9,124.8,130
2,510,45,736,763,565.6,38.6,145.3,135
1,573.1,54,674,755,565.6,34.9,168.8,130
1,588.1,54,670,755,565.6,34.9,146.8,130
1,539.2,53,670,755,565.6,34.9,145.3,130
1,570,46,695,770,565.6,31.8,166.6,135
1,539.2,53,670,755,565.6,34.9,146.5,130
1,499.1,50,670,680,565.6,34.9,106.1,130
1,515,53,609,718,565.6,31.8,145,130
1,515,53,674,718,565.6,31.8,145,130
1,447.2,53,674,718,565.6,31.8,145,130
1,515,53,674,718,565.6,31.8,145,130
1,514.4,26,720,680,565.6,31.8,133.7,130
1,568.4,26,720,680,565.6,31.8,164.4,130
1,601.7,44,674,718,565.6,31.8,150.9,130
2,415,53,735,718,565.6,31.8,14.4,135
2,400,36,736,700,565.6,34.9,120,130
2,400,36,736,640,565.6,34.9,120,130
1,585,48,680,768,565.6,29,150.5,135
1,549.4,50,670,759,565.6,35,148,130
1,615.5,48,685,718,565.6,28.8,160.3,130
1,597.7,53,674,718,565.6,31.8,182.2,130
1,415,44,474,500,565.6,31.8,145.1,130
1,515,53,674,718,565.6,31.8,145,130
1,550,53,674,787,565.6,31.8,161.7,130
1,576.9,53,674,718,565.6,28.6,141.8,130
1,520,50,674,684,565.6,31.8,109.9,130
1,539.2,49,670,755,565.6,34.9,146.5,130
1,510.9,53,674,689,565.6,28.6,89.1,130
1,349.8,30,486,718,565.6,31.8,145,130
1,515,48,680,675,565.6,31.8,145,130
1,443.9,30,670,500,565.6,30,110,130
2,519.3,30,670,625,565.6,35,127,130
1,264.3,23,592,310,565.6,28,100,130
2,279.1,23,640,332,565.6,28,111,130
1,601.7,44,676,718,565.6,31.8,150.9,130
1,533.7,40,674,718,565.6,31.8,158,130
1,594.1,53,674,760,565.6,31,167,130
2,480,52,736,790,565.6,32,120,135
1,298.2,25,670,327,565.6,28,100,130
2,516.9,53,684,718,565.6,31.8,145,135
1,260.3,23,486,287,565.6,27,97,130
1,186.8,23,486,220,565.6,27,95,130
2,485,52,736,790,565.6,28.6,120,135
1,260.2,23,486,285,565.6,28,95,130
1,515,50,674,718,565.6,31.8,145,130
1,709.6,50,680,774,565.6,31.8,145.7,130
2,508,44,736,785,565.6,31.8,117.6,135
2,485,52,736,790,565.6,28.6,120,135
2,442.2,32,736,718,565.6,31.6,116.9,130
1,460,52,674,662,565.6,31.8,102.6,130
1,560,53,674,757,565.6,36,188,130
2,400,34,736,666,565.6,28.6,90,135
1,342.6,40,400,450,565.6,31.8,145,130
1,523.6,53,674,718,565.6,28.6,125,130
1,499.1,50,674,718,565.6,31.8,145,130
2,450,46,736,645,565.6,31.6,85.7,135
1,515.2,50,674,718,565.6,36,152,130
1,613.1,47,674,718,565.6,31.8,175,120
1,638,44,706,785,565.6,28.6,179.3,130
1,515.1,50,674,725,565.6,31.8,150,130
1,655,50,674,760,565.6,28.6,120,130
2,529.4,32,736,790,565.6,31.8,133.9,130
1,479.2,50,674,684,565.6,31.8,105,130
2,485,52,736,790,565.6,28.6,120,135
1,593.1,48,685,729,565.6,30,168.8,130
1,512.6,44,674,718,565.6,28.6,145,130
1,567.8,52,674,770,565.6,31.8,160,130
1,546.4,53,674,718,565.6,28.6,145,130
1,510,53,674,655,565.6,28.6,113.9,130
1,520,46,674,718,565.6,31.8,152.6,120
1,540,46,674,718,565.6,31.8,170.5,120
1,540,44,674,718,565.6,31.8,170.5,120
1,517.3,53,674,718,565.6,31.8,100,130
1,510.2,50,674,718,565.6,31.8,135.5,130
2,520.7,38,725,718,565.6,31.8,120.3,130
1,612.9,53,674,718,565.6,28,112.8,130
1,595.7,48,685,718,565.6,28.8,152.7,130
2,510,48,660,796,565.6,30,99.9,135
1,572.5,53,674,718,565.6,28.8,182.4,120
1,514.7,53,674,718,565.6,31.8,145,130
1,516,40,674,600,565.6,31.8,122.1,130
1,729.3,50,674,760,565.6,28.6,144.3,130
1,415,53,444.5,600,565.6,30,200,130
2,482.6,44,730,733,565.6,31.8,120,135
2,431,36,685,690,565.6,31.8,120,135
1,561.6,53,685,718,565.6,30,225,130
1,640,53,674,729,565.6,31.8,140.4,130
2,350,36,630,560,565.6,40,100,135
2,439.9,38,670,690,565.6,31.8,150,135
1,500,52,674,689,565.6,28.6,78.3,130
1,604.6,53,674,718,565.6,31.8,182.2,130
2,460,53,674,700,565.6,31.8,156.9,130
1,634.9,44,674,718,565.6,31.8,145,120
1,586,53,674,718,565.6,31.8,145,130
1,618.7,44,671,777,565.6,28.6,175.8,120
1,515,53,674,718,565.6,31.8,145,130
1,583.1,53,674,718,565.6,31.8,145,130
2,568.3,32,736,780,565.6,31.8,130.8,130
1,626.1,50,700,718,565.6,31.8,145,130
1,516,44,674,800,565.6,31.8,180,130
1,540,53,674,718,565.6,31.8,157.9,130
1,550,50,674,725,565.6,31.8,149.7,130
2,470,38,710,580,565.6,32,155,135
2,490,48,795,730,565.6,35,141.4,135
2,450.7,28,670,650,565.6,40,143.2,135
1,515,53,674,718,565.6,31.8,145,130
1,490,50,674,725,565.6,31.8,135,130
1,577.3,42,674,718,565.6,31.8,145,130
1,515,53,674,718,565.6,31.8,145,130
1,495,53,674,715,565.6,31.8,120,130
1,545.8,48,674,760,565.6,28.6,129.4,120
1,620,48,670,810,565.6,28.6,220.8,130
1,580,48,674,718,565.6,28.6,160,130
1,570.3,53,640,718,565.6,31.8,136.5,130
2,485,42,736,730,565.6,35,100,135
1,607.9,53,674,785,565.6,31.8,214,130
1,515,53,674,718,565.6,31.8,145,130
1,600,52,674,815,565.6,32.8,196,130
1,553.6,53,668,730,565.6,28.6,127.3,130
2,533,53,670,718,565.6,31.8,244.9,130
2,442.8,35,910,787,565.6,31.8,90.4,185
1,479.1,50,640,600,565.6,28.6,103.5,130
1,518.6,52,674,715,565.6,27.2,115,130
2,470,53,674,645,565.6,38,145,130
1,543,53,674,720,565.6,31.8,138.6,130
1,346.4,53,674,440,565.6,30.8,125,130
1,400,44,614,547,565.6,31.8,137.3,130
1,408.6,53,592,500,565.6,41.8,175.3,120
1,513.2,53,674,718,565.6,31.8,1282.6,130
1,375,53,592,486,565.6,31.8,125.3,130
1,440.1,53,640,458,565.6,41.8,104.5,130
1,557.9,48,674,718,565.6,31.8,159.9,120
1,541.8,53,685,718,565.6,28.6,137.9,135
1,608.4,46,671,718,565.6,31.8,131.9,120
1,589.5,49,700,718,565.6,31.8,172.7,120
1,615.9,53,674,755,565.6,31.8,118,120
1,609.5,49,674,760,565.6,35,187.2,120
1,625,51,674,740,565.6,31.8,97.4,130
1,607.9,51,674,735,565.6,35,107.9,130
1,600,53,674,718,565.6,31.8,145,130
1,662,53,673,750,565.6,33,129.4,130
2,460,42,675,755,565.6,31.8,105,135
1,615.2,55,685,750,565.6,31.8,111.6,130
1,540,53,674,718,565.6,45,154.7,130
1,614.5,50,674,759,565.6,27.2,137.5,130
1,515,50,674,718,565.6,31.8,145,130
1,557.9,25,674,718,565.6,31.8,159.9,120
1,545.8,47,674,770,565.6,28.6,117.6,130
1,317.4,25,670,345,565.6,30,110,130
1,524.6,53,680,735,565.6,27.2,151,135
1,600,53,674,820,565.6,27.2,190,130
1,566.1,42,674,660,565.6,31.8,170.9,130
1,684.3,53,674,765,565.6,31.8,77.7,130
1,406.9,53,674,718,565.6,31.8,245,130
1,516.2,53,674,200,565.6,31.8,175.3,130
1,622.8,53,674,718,565.6,31.8,145,130
1,643.5,53,674,850,565.6,31.8,100,130
1,582.2,53,674,775,565.6,40,100,130
1,619.7,53,674,718,565.6,31.8,100,130
1,594.3,53,640,750,565.6,31.8,100,130
1,512.8,53,670,718,565.6,31.8,245,130
1,630,52,674,820,565.6,35,171.4,130
1,488.8,46,689,650,565.6,31.8,105,130
1,498,53,689,718,565.6,31.8,245,130
1,498,53,689,718,565.6,31.8,245,130
1,508.3,53,670,718,565.6,31.8,120,130
1,578.8,53,674,718,565.6,31.8,142.4,130
1,428.6,53,670,735,565.6,31.8,200,130
1,515,53,674,718,565.6,31.8,145,130
2,430,36,670,618,565.6,33.3,120,135
2,430,36,670,618,565.6,33.3,120,135
2,360,36,670,618,565.6,33.3,120,135
1,621.6,47,685,759,565.6,28.6,170,120
1,560,53,674,766,565.6,31.8,137.2,130
2,289.7,23,611,315,565.6,29,110,130
1,560.8,53,674,718,565.6,28.6,116.6,130
2,600,46,698.5,810,565.6,28.6,179.3,130
2,400,3,670,650,565.6,40,120,135
1,409.6,32,670,435,565.6,30,106,130
1,596.8,48,674,800,565.6,31.8,145,130
2,430,36,670,695,565.6,33.3,120,135
1,581.8,53,674,718,565.6,31.8,147,130
1,562.1,53,674,718,565.6,31.8,140,130
1,577,53,674,750,565.6,31.8,145,130
1,527.7,53,674,718,565.6,31.8,110,130
1,597.6,49,674,718,565.6,31.8,108.3,130
2,555.9,53,736,718,565.6,31.8,145,130
1,560,53,674,718,565.6,31.8,98.4,130
2,524.8,53,694,718,565.6,31.8,125,135
1,660,51,674,770,565.6,29,125.4,120
1,595,53,674,750,565.6,30,181,120
1,669.3,51,674,790,565.6,28,90.3,130
1,629.6,51,614,750,565.6,29,94.7,120
1,516.8,53,674,718,565.6,28.6,114.5,130
1,600,53,674,718,565.6,31.8,239.7,130
1,610.9,53,674,718,565.6,31.8,257.3,130
1,605.7,46,676,718,565.6,31.8,120,130
1,500.3,50,640,660,565.6,28.6,119.9,130
1,495.6,53,674,718,565.6,31.8,160.6,130
1,590.6,53,674,667,565.6,28.6,95.3,130
1,480,53,674,718,565.6,36,120,130
1,570,50,674,790,565.6,31.8,131.1,130
1,515,53,674,718,565.6,31.8,145,130
2,530,44,720,815,565.6,25.4,146.3,130
1,521,53,674,718,565.6,31.8,125.4,130
1,583.2,53,674,718,565.6,36,130,130
1,590,53,700,777,565.6,30,137.6,130
2,533,48,689,718,565.6,31.8,134.9,135
1,515,53,674,718,565.6,31.8,145,130
1,587.6,53,678,759,565.6,28,170,130
1,480,53,670,850,565.6,31.8,200,130
1,493.4,53,674,718,565.6,31.8,140,130
2,514.2,44,674,718,565.6,31,110,130
2,501,36,754,718,565.6,31.8,100,135
1,518.5,53,680,720,565.6,28.6,125,130
2,410,44,628,662,565.6,34,121,135
1,520,50,674,686,565.6,31.8,185,130
2,310,23,670,370,565.6,28.6,110,130
2,489.9,30,740,750,565.6,31.8,122.8,150
2,489.9,30,740,750,565.6,31.8,121.3,150
2,470,32,714,750,565.6,31.8,124.2,150
2,470,32,740,750,565.6,31.8,124.2,150
2,480,46,740,718,565.6,31.8,110,135
2,483,46,740,718,565.6,31.8,135,135
2,406,46,740,718,565.6,31.8,110,135
2,444,44,680,718,565.6,36,103,135
2,392.3,53,674,650,565.6,31.8,126.8,130
1,516.9,53,674,718,565.6,31.8,145,135
1,581.9,50,674,718,565.6,31.8,145,130
2,490.1,38,736,768,565.6,34.8,163.2,130
2,392.3,47,674,650,565.6,31.8,123.4,135
1,599.7,44,674,750,565.6,31.8,145.9,120
1,626.7,53,674,518,565.6,31.8,170,130
1,634,53,678,825,565.6,29,211,130
1,634,53,678,825,565.6,29,211,130
2,495.3,42,700,650,565.6,40,130,135
1,600,36,670,780,565.6,31.8,138.5,120
2,399.8,44,736,675,565.6,33,90.9,135
1,491.4,50,674,684,565.6,28.6,105,130
2,528,42,736,740,565.6,34.8,128.6,135
1,516.8,53,674,718,565.6,40,145,130
1,516.8,53,674,718,565.6,0,145,130
1,300,25,611,400,565.6,31.8,120,135
1,560,52,689,795,565.6,35,180,135
1,734.3,53,674,718,565.6,28.6,92.2,130
1,522.2,50,674,706,565.6,31.8,126.4,130
1,540,53,674,718,565.6,31.8,150,130
2,445,32,736,718,565.6,31.8,103,135
2,485,44,675,742,565.6,31.8,127,135
2,410,32,663,539,565.6,34,120,142
2,489,34,663,600,565.6,37,110,142
2,483,46,740,760,565.6,31.8,103,135
2,355.5,34,663,510,565.6,37,117,135
1,573,53,674,778,565.6,31.8,140,130
2,450.7,32,680,600,565.6,40,106.4,135
2,327.6,25,656,360,565.6,31.8,122.7,130
2,327.6,25,656,360,565.6,31.8,122.7,130
2,515.8,53,674,718,565.6,31.8,145,130
2,279.1,25,592,320,565.6,31.8,121.5,130
2,450,38,725,538,565.6,38,95,135
1,470,39,670,673,565.6,28.6,126.9,135
1,567.1,50,674,751,565.6,32,125,130
2,490,36,698,770,565.6,28.6,130,135
1,576.9,53,674,718,565.6,31.8,145,130
1,571.5,53,674,812.8,565.6,31.8,145,130
1,562.8,48,676,733,565.6,31.8,183,135
1,350.8,44,486,458,565.6,31.8,116.8,130
1,494.1,53,676,718,565.6,31.8,160,130
1,515,53,674,718,565.6,31.8,145,130
1,511,53,674,718,565.6,40,145,130
1,543.2,53,674,723,565.6,31.8,140.7,130
1,635.8,44,674,718,565.6,28.6,100,130
1,515,53,670,796,565.6,31.8,145,135
1,649.2,53,640,788,565.6,26.8,115,130
1,538.6,39,674,718,565.6,31.8,146.6,130
2,530,32,630,810,565.6,31.8,180,130
2,314.7,32,670,390,565.6,30,100,130
1,400,36,486,518,565.6,24,100,135
1,489.8,53,674,718,565.6,60,152.7,130
2,608.4,33,670,830,565.6,31.8,187.3,130
2,600,44,698.5,810,565.6,28.6,100,130
2,548.9,36,760,778,565.6,31.8,136.4,135
1,607.9,53,674,718,565.6,31.8,155.4,130
1,630.5,47,680,759,565.6,28.6,182.2,120
1,534.1,53,668,718,565.6,28.6,112.1,130
1,576.7,50,674,718,565.6,31.8,118.5,130
1,566.7,50,674,718,565.6,31.8,108.4,130
1,500,53,674,718,565.6,31.8,120,130
1,586.7,50,674,718,565.6,31.8,129,130
2,500,36,750,765,565.6,31.8,121,135
1,560,70,611,718,565.6,31.8,91.8,120
2,459.5,53,628,718,565.6,31.8,145,135
1,602.1,54,505,830,565.6,31.8,120,130
1,586.9,53,674,718,565.6,31.8,146,130
1,550,50,674,718,565.6,31.7,140.3,130
1,494.4,53,674,718,565.6,31.8,106.2,130
1,577.8,52,674,760,565.6,27.2,154.5,130
1,646.8,53,674,718,565.6,31.8,200,130
1,602.8,46,674,748,565.6,12,166.5,130
2,483.3,42,736,673,565.6,28.6,130,130
1,248.6,32,611,368,565.6,31.8,105,135
1,596.8,60,674,800,565.6,30,145.2,130
1,515,53,674,718,565.6,31.8,145,130
2,450,44,631,718,565.6,30,112,135
2,457,32,670,786,565.6,31,110.2,135
2,483,38,698,718,565.6,28,130,135
1,547.1,48,674,698,565.6,31.8,93.6,130
1,635,47,680,759,565.6,28.6,190.5,120
2,457,44,698.5,751,565.6,45,127.3,135
1,580,53,674,718,565.6,31.8,110,120
2,479.9,34,685,718,565.6,27.2,118.9,135
2,550.8,48,680,733,565.6,28.6,147.4,135
1,316,53,486,718,565.6,31.8,150,130
2,457.7,44,736,718,565.6,31.8,104.8,135
1,511.3,53,386,718,565.6,31.8,345,130
1,511.3,53,486,718,565.6,31.8,500,130
1,551.6,53,674,673,565.6,31.8,95,130
1,605,52,674,805,565.6,31,175.2,130
1,515.4,53,486,718,565.6,31.8,645,130
2,406.4,53,736,715,565.6,31.8,95,130
2,308,25,659,380,565.6,31.8,115,135
1,730.3,53,674,789,565.6,34.6,170,135
1,553.8,12,736,718,565.6,31.8,131.2,130
1,730.3,53,674,789,565.6,34.6,170,135
1,567.1,53,674,718,565.6,27,125,130
2,420,34,670,540,565.6,31.8,120,135
1,624.6,46,674,840,565.6,31,186.6,130
2,308,25,659,380,565.6,31.8,115,135
2,551.9,53,670,718,565.6,31.8,150,135
2,350,53,626,500,565.6,38,125,130
2,515,53,674,718,565.6,31.8,145,130
2,515,53,674,718,565.6,31.8,145,130
1,610.2,53,674,806,565.6,31.8,145,120
2,480,40,698,718,565.6,31.8,120.2,135
1,705.1,50,680,755,565.6,35,155,130
1,515,53,674,619,565.6,31.8,145,130
1,495.2,53,685,673,565.6,28.6,116,130
2,435,38,705,695,565.6,29.9,115,135
2,468,40,740,742,565.6,29.9,125,150
1,514.6,36,674,718,565.6,31.8,145,130
1,514.6,36,674,718,565.6,31.8,145,130
1,675.2,50,686,720,565.6,28.6,112.8,130
1,550,50,674,700,565.6,28.6,110,130
1,625.6,53,685,753,565.6,28.6,175.6,130
1,556.9,53,674,718,565.6,31.8,125,130
2,515,53,674,668,565.6,31.8,152.4,135
1,515,53,674,718,565.6,31.8,145,130
1,560,49,674,742,565.6,31.8,128.3,130
1,500,52,674,690,565.6,34.9,130,130
1,494.7,53,674,673,565.6,80,130,130
1,517.6,25,674,718,565.6,31.8,283.6,130
1,338.8,25,630,430,565.6,31.8,117.7,135
1,520,50,700,700,565.6,30,125,135
1,484,50,700,680,565.6,37.1,144.1,126
1,555,46,674,746,565.6,31.8,130,120
2,590,36,710,870,565.6,31.8,176.8,135
1,515,53,674,718,565.6,31.8,145,130
1,610.4,53,674,777,565.6,31.6,170.1,130
1,610.5,53,674,777,565.6,31.6,166.7,120
1,515,53,674,718,565.6,31.8,145,130
1,518.7,52,674,715,565.6,27.2,123.9,130
1,513.2,47,670,718,565.6,28.6,119.1,135
1,646.8,53,674,820,565.6,31.8,197.3,130
1,515,53,674,718,565.6,31.8,145,130
2,590,36,710,870,565.6,31.8,140,135
1,530,53,690,718,565.6,31.8,78.6,130
1,531.4,53,674,702,565.6,31.8,100,130
1,562.5,50,674,724,565.6,31.6,130.3,130
1,540,42,674,715,565.6,28.6,110,135
1,540,42,674,715,565.6,28.6,110.2,135
2,500,42,670,715,565.6,31.8,110,135
1,606.2,53,674,804,565.6,31.8,178.6,130
1,607.2,53,674,804,565.6,31.8,185,130
2,577.5,28,910,778,565.6,31.8,80.6,130
1,570,48,680,718,565.6,31.8,131.3,120
2,520,44,670,715,565.6,31.8,109.5,135
1,540,42,750,715,565.6,31.8,100,135
1,517.6,50,609,718,565.6,31.8,140.1,130
1,540,44,674,715,565.6,28.1,110.3,135
1,515,53,674,718,565.6,31.8,145,130
1,470,39,670,718,565.6,28.6,100,135
1,577.4,53,674,718,565.6,31.8,120.3,130
2,508.1,39,670,748,565.6,31.8,111.9,130
1,560,42,674,718,565.6,31.8,140,130
1,646.9,53,674,785,565.6,31.8,200,130
1,541.5,53,700,750,565.6,29,90,130
1,653.5,53,674,738,565.6,31.8,125,130
2,482.8,36,736,718,565.6,34.9,110,135
2,482.8,36,736,718,565.6,34.9,110,135
1,560,42,674,670,565.6,31.8,140,130
1,520,53,674,730,565.6,44,115,130
2,514.2,43,611,718,565.6,31.8,145,135
1,541,53,676,718,565.6,28.6,175.9,120
2,550.2,53,740,800,565.6,28.6,143.1,130
2,526.9,25,1752,758,565.6,31.8,90,130
1,653.5,53,674,738,565.6,31.8,125,130
1,549.4,53,674,710,565.6,35,135,130
1,600,53,674,815,565.6,31.8,220,130
1,626.7,52,695,718,565.6,31.8,164.5,130
1,630,53,680,718,565.6,35,164.7,120
1,620,50,674,722,565.6,34.6,160,130
1,692.7,53,674,729,565.6,31.8,160,130
1,692.6,53,674,729,565.6,31.8,160,130
2,496.7,36,736,718,565.6,31.8,138.4,135
1,500,53,674,729,565.6,31.8,140,130
1,543.3,53,674,723,565.6,31.8,141,130
1,590,46,714,778,565.6,33,185,130
1,515,53,626,718,565.6,78,145,130
1,522.5,44,685,653,565.6,29,109.8,130
1,530.5,53,680,650,565.6,28,104.2,125
1,593.1,53,674,798,565.6,31.8,190,130
2,546.9,53,674,786,565.6,33,155,130
1,540,53,674,763,565.6,31.8,155,130
1,682.8,53,674,718,565.6,31.8,276.8,120
1,585.9,55,674,778,565.6,31.8,143,130
1,580,53,674,718,565.6,31.8,170,130
1,585.9,50,674,778,565.6,31.8,141.3,130
1,518.1,42,671,690,565.6,31.8,127.5,130
2,600,38,914,718,565.6,31.8,125,130
1,635,53,674,812,565.6,32,192.3,120
1,515.2,53,674,718,565.6,31.8,144.6,130
2,553,36,914.4,800,565.6,31.8,132.2,135
1,546.2,32,910,720,565.6,31.8,130,130
1,547,53,674,718,565.6,31.8,92.8,130
1,547.4,53,674,718,565.6,29.2,92.8,130
2,465.6,53,674,718,565.6,31.8,145,135
1,631.9,53,674,718,565.6,31.8,170,130
2,531.2,36,740,795,565.6,32.8,120,135
1,504.9,53,592,718,565.6,31.8,180,130
1,515.3,53,674,751,565.6,31.8,145,130
1,515.2,53,674,565,565.6,31.8,145,130
2,550,52,393.7,810,565.6,38.01,268.3,130
2,450,36,736,718,565.6,31.8,115,135
2,406,42,670,653,565.6,32.8,100.1,130
1,532.2,50,674,702,565.6,31.8,125,130
1,605.4,53,674,735,565.6,31.8,139.9,130
2,512,36,740,751,565.6,32.8,100,135
1,532.2,50,674,702,565.6,31.8,125.3,130
1,532.2,50,674,702,565.6,31.8,125.1,130
2,531.1,36,670,768,565.6,31.8,119.1,135
2,406,42,670,653,565.6,32.8,99.8,130
1,545.9,46,674,700,565.6,29,106.2,130
1,550,53,674,766,565.6,31.8,125.2,130
1,612.9,53,674,673,565.6,28.6,109,130
1,611.9,50,640,673,565.6,38.1,110,130
1,537.4,45,674,660,565.6,31.8,90.2,130
1,509,50,674,718,565.6,31.8,170.5,135
1,515.3,53,674,718,565.6,31.8,145,130
1,538.9,53,674,795,565.6,31.8,185,130
1,595,53,674,718,565.6,31.8,159.8,130
2,406,42,670,653,565.6,32.8,95.8,130
2,420,39,736,718,565.6,31.8,100,130
2,594,53,670,720,565.6,31.8,157.6,135
1,530,53,684,748,565.6,28.6,155.7,130
1,560,50,692,748,565.6,28.6,154.7,130
1,480,47,626,718,565.6,31.8,126.5,130
1,456.9,47,626,718,565.6,31.8,84.9,130
1,480,53,674,718,565.6,31.8,115.1,130
2,520,44,670,718,565.6,31.8,105.4,135
1,514.6,53,674,736,565.6,31.8,145,130
1,585.9,55,674,736,565.6,31.8,142.9,130
2,480,34,670,718,565.6,30,120,135
1,500,53,735,820,565.6,34.9,120,135
1,574.2,44,674,718,565.6,28,152.3,130
1,715,52,674,763,565.6,31.8,121.7,120
2,500,44,670,698,565.6,31.8,145,135
1,520.3,54,674,718,565.6,45,155,130
2,506.7,30,914,718,565.6,31.8,80,135
2,460,36,702,718,565.6,28.6,120,142
2,469.8,32,674,718,565.6,32.4,115.4,130
2,358,46,670,500,565.6,28,100,135
1,474,53,690,733,565.6,31.8,127.2,130
1,518.6,50,685,673,565.6,34.9,114.9,130
2,358,46,670,450,565.6,28,100,135
1,514.5,53,674,718,565.6,31.8,145,130
1,600,53,676,718,565.6,31.8,170,130
1,515,53,674,718,565.6,31.8,145,130
1,515,53,674,718,565.6,31.8,145,130
1,549,53,674,718,565.6,31.8,145,130
1,562,49,674,718,565.6,31.8,121,120
1,585.4,53,674,742,565.6,31.6,145,130
1,586.3,53,674,742,565.6,31.6,180,130
1,548.7,48,674,718,565.6,31.8,145,130
1,548.7,48,674,718,565.6,31.8,145,130
1,548.7,48,674,718,565.6,31.8,145,130
1,560,53,674,718,565.6,31.7,151.1,130
1,514.6,53,674,718,565.6,31.8,145,130
1,515,53,660,718,565.6,31.8,145,130
1,514.3,53,674,718,565.6,31.8,145,130
1,526.1,55,656,718,565.6,31.8,132,130
1,630,53,674,825,565.6,31.8,199.3,130
1,514.6,53,674,718,565.6,31.8,145,130
1,514.6,53,674,718,565.6,31.8,145,130
1,514.6,53,674,718,565.6,31.8,145,130
2,465,32,690,718,565.6,31.8,112.1,135
2,465,32,690,718,565.6,31.8,112.1,135
1,500,53,690,660,,31.8,90,130
2,490,32,745,765,627,30,105.1,135
1,545,48,674,718,,25.4,125,130
1,514.6,53,674,718,,31.8,145,130
1,630.4,53,674,786,,31.8,170,130
1,560,53,685,780,571,31.8,160.3,130
2,450,42,735,700,,31.8,150.4,190
1,587.4,53,674,718,,31.8,135,130
1,596.8,50,688,750,,31.8,155,130
1,530,53,674,750,,35,160,130
1,510.7,42,476,688,,31.8,185,135
1,287.3,26,650,400,558,31.8,110,130
1,318.6,23,660,450,,31.8,110,135
1,531,53,674,718,550.3,35,155,130
2,460,53,736,815,,31.8,110,130
1,503.6,44,671,706,,31.8,145.4,130
1,502.9,50,686,684,,28.6,119.3,130
2,330,42,670,653,,28.6,70,130
2,400,28,910,671,681.6,31.8,90,130
1,595.7,53,674,760,,28.6,155,130
1,595.7,53,674,760,,28.6,155,130
2,430,34,740,722,633,28.6,109.8,135
1,527.2,50,674,760,,31.8,110.2,130
1,584,53,674,760,,31.8,169.6,130
1,580,50,674,760,,31.8,169.8,130
1,615.6,53,680,781,,28.6,189.3,130
2,530,36,700,756,565.6,31.8,130,135
2,530,36,670,756,565.6,31.8,130,135
1,596.8,50,674,780,,31.8,145,130
2,466,32,680,718,,31.8,105,130
2,445,39,670,718,509.7,31.8,109.5,135
1,571.2,53,674,785,565.6,31.8,141.8,130
1,571.2,53,674,785,565.6,31.8,141.8,130
1,488.6,53,674,785,565.6,31.8,157.3,130
1,409.6,42,670,689,565.6,31.8,120,130
2,388.7,33,670,528,,31.8,106,130
2,505,32,780,800,,34.9,125.5,135
2,518,32,780,800,565.6,29.8,110,135
1,471.5,50,674,636,565.6,31.8,144.1,130
2,420,39,736,718,565.6,31.8,100,130
2,530,36,670,756,565.6,31.8,195,135
1,560,48,674,750,565.6,28.6,144.6,130
1,520,53,674,750,565.6,31.8,145.3,130
1,375.2,38,670,550,565.6,31.8,93,130
1,637,53,689,800,565.6,31.8,195.4,135
1,607.8,53,674,780,565.6,31.8,191,130
1,596.7,53,674,718,565.6,31.8,145,130
1,490.5,53,636,630,559.2,28,114.5,130
1,515,53,674,718,565.6,31.8,145,130
1,563.4,53,674,718,565.6,31.8,145,130
2,405,36,692,725,542.6,29.8,110,135
1,619.4,52,674,800,565.6,29,168.6,130
2,444,36,736,718,641,31.8,116.3,135
2,430,40,699,718,560.5,31.8,108.1,135
1,515.1,53,674,718,565.6,31.8,145,130
1,545,48,674,718,,25.4,125,130
1,576.2,52,674,798,565.6,34.9,150,130
1,556,53,674,735,565.6,39.5,182,135
1,512.8,53,661,660,528,31.8,116,130
1,508.7,50,674,770,565.6,31.8,150,130
1,540,52,674,795,565.6,26.8,88.7,130
1,515,53,674,718,565.6,31.8,145,130
1,590.8,53,680,775.5,565.6,28.6,160.3,130
1,642.7,50,674,718,557.7,31.8,135,130
1,642.7,50,674,718,557.7,31.8,135,130
1,493.9,52,622,620,565.6,28.6,84.2,130
2,645.8,30,776,730,565.6,31.8,99.8,130
1,530,50,674,796,565.6,31.8,149.2,130
1,515,53,674,718,565.6,31.8,145,130
2,419,53,736,718,610,31.8,110,135
1,457,53,674,718,565.6,31.8,127,130
1,457,53,674,650,565.6,38.1,127,130
1,457.2,53,674,718,565.6,38.1,127,130
1,500,52,674,718,565.6,31.8,148,130
1,643,53,674,718,567.2,31.8,130,130
1,479.1,53,674,730,565.6,31.8,250.2,130
1,556.4,52,685,716.5,565.6,28.6,129.4,130
1,539,52,676,714.5,565.6,28.6,121.5,130
1,596.6,51,676,750,567.2,32,135.5,130
1,545,52,676,716,565.6,28.6,129.1,130
1,545,52,676,716,565.6,28.6,129.1,130
1,525,54,699.6,714,565.6,28.6,123.9,135
1,519.5,48,685,660,503.6,28.6,97.5,130
1,560.6,52,685,715,565.6,28.6,115.9,130
1,520.2,48,685,695,565.6,28.6,95.5,130
2,439,30,736,718,617,31.8,110,135
1,515,53,674,718,565.6,31.8,145,130
1,498.1,53,674,672,525,31.8,103.9,130
1,511,53,674,718,565.6,40,145,130
1,516.9,53,674,718,565.6,31.8,145,120
1,705,53,674,759,565.6,31.8,130,120
1,498.9,53,674,672,533,31.8,110.7,130
1,705,53,674,759,565.6,31.8,130,120
1,530,50,674,705,565.6,31.8,128,130
1,522.9,53,674,672,519,31.8,97.5,130
1,538.9,53,674,715,565.6,28.6,100.5,130
1,555,44,674,718,565.6,31.8,95,130
1,590,53,674,770,565.6,27.2,149.3,130
2,430,36,670,700,586,28.6,113.2,135
1,571.4,44,680,800,565.6,28.6,169.4,130
1,564,53,674,617.5,565.6,29.12,131.4,132.9
1,610,47,685,759,565.6,28.6,164.2,120
1,571.4,44,680,800,565.6,28.6,169.4,130
1,514.8,53,674,718,565.6,31.8,139.8,130
1,489.4,53,674,695,565.6,31.8,137.5,130
1,260,53,674,718,565.6,31.8,145,130
1,695.8,53,674,861,684.1,31.8,241.5,130
2,440.5,39,699,730,565.6,40,104.2,135
1,620,46,674,805.8,565.6,31.8,140,130
1,612.9,46,674,805.8,565.6,31.8,150,130
1,590,46,674,800,565.6,31.8,147.8,130
2,515,53,674,718,565.6,31.8,145,130
1,514.8,53,674,718,565.6,31.8,139.8,130
2,440.5,39,699,730,565.6,40,104.2,135
2,470.2,32,674,720,565.6,31.8,123.3,135
1,522.7,53,680,700,526,31.8,115.4,130
1,519.9,47,674,680,565.6,29,96.6,130
1,515.2,53,674,718,565.6,31.8,145,130
1,515.2,53,674,718,565.6,31.8,145,130
1,515.2,53,674,718,565.6,31.8,145,130
1,515.2,53,674,718,565.6,31.8,145,130
1,515.2,53,674,718,565.6,31.8,145,130
1,515.2,53,674,718,565.6,31.8,145,130
1,515.2,53,674,718,565.6,31.8,145,130
1,515.2,53,674,718,565.6,31.8,145,130
1,515.2,53,674,718,565.6,31.8,145,130
1,515.2,53,674,718,565.6,31.8,145,130
1,515.2,53,674,718,565.6,31.8,145,130
1,515.2,53,674,718,565.6,31.8,145,130
1,515.2,53,674,718,565.6,31.8,145,130
1,510,46,680,680,564.5,31.8,103.3,135
1,515.2,53,674,718,565.6,31.8,145,130
1,515.2,53,674,718,565.6,31.8,145,130
1,515.2,53,674,718,565.6,31.8,145,130
1,515.2,53,674,718,565.6,31.8,145,130
1,516,53,674,718,565.6,31.8,123.8,130
1,515.2,53,674,718,565.6,31.8,145,130
1,570.5,53,674,705.5,565.6,28.9,155,130
1,515.2,53,674,718,565.6,31.8,145,130
1,570.5,53,674,705.5,565.6,28.9,155,130
1,637.6,44,680,800,565.6,28.6,139.8,130
1,570.5,53,674,705.5,565.6,28.9,155,130
1,558.1,53,674,718,565.6,31.8,145,130
1,558.1,53,674,718,565.6,31.8,145,130
1,513.6,53,600,600,500,31.8,76.4,130
1,516.8,53,674,756,565.6,31.8,134,130
1,510.7,58,674,756,565.6,31.8,134,130
1,450,53,678,598,565.6,31.8,101.4,130
2,515.2,53,674,718,565.6,31.8,145,130
1,525,53,674,714,505.2,28.6,110,130
1,674.1,53,674,746,556.6,28.6,147,130
1,541,53,674,787,565.6,31.8,200,130
1,541,53,674,787,565.6,31.8,200,130
1,555.6,53,674,718,535,31.8,142,130
1,505,52,674,725,565.6,28.6,164,130
1,505,52,674,725,565.6,28.6,164,130
1,666,53,674,718,565.6,31.8,169.8,130
2,470,53,736,718,643,32.7,110,145
1,555.6,53,674,718,533.6,31.8,130.5,130
1,508,52,674,735,565.6,28.6,165.1,130
1,540,48,710,745,554.7,31.8,124,130
1,515.2,53,674,718,565.6,31.8,145,130
1,493.7,52,674,662,565.6,34.9,118.9,130
2,273.5,36,626,415,565.6,31.8,99,135
1,514.3,52,674,718,561.6,31.8,157,130
1,491.1,52,676,662,565.6,31.8,105.3,130
1,515.2,53,674,718,565.6,31.8,145,130
1,552.7,52,685,708,565.6,28.6,114.5,130
1,527.2,53,680,708,565.6,28.6,120,130
1,536.3,53,674,718,565.6,31.8,109.1,130
1,547.5,58,674,718,532.7,31.8,109.2,130
1,523.9,53,674,718,565.6,31.8,98.8,130
1,548.4,50,695,680,565.6,28.6,128.2,136
1,543.3,53,674,718,494.9,31.8,112,130
2,545,42,658,825,565.6,33.8,107.3,135
2,480,39,714,718,565.6,32.8,120,130
2,478,28,736,618,638.1,34.9,118.1,135
1,533.4,53,674,718,595,31.8,181.7,130
1,547.7,53,640,698,514.3,27.2,130.5,130
2,460,32,670,710,570,31.8,98.6,135
1,580,53,674,760,565.6,40,146,130
1,580,53,674,760,565.6,40,146,130
1,516.9,53,674,718,565.6,31.8,145,120
2,515,32,736,750,604,31.8,107.8,135
1,591.6,46,684,680,565.6,31.8,141,130
2,459.1,36,736,618,565.6,31.8,89.2,135
1,515.2,39,674,718,565.6,31.8,146.8,130
1,604.3,53,674,758,565.6,40.8,124.1,130
1,604.3,53,674,768,565.6,40.8,124.1,130
1,548,44,674,671,565.6,28.6,117.3,130
1,508.5,53,674,670,530,31.8,111.1,130
1,587.4,53,674,718,565.6,31.8,142.8,130
2,352.3,39,660,500,500,31.8,75.2,135
1,558.4,53,674,718,565.6,28.6,181.7,130
2,485,34,736,720,586,28.6,100,135
1,515,53,674,718,520,31.8,120,130
1,566,50,674,740,564.4,27.2,140,130
2,467.7,53,660,718,565.6,31.8,110,130
2,450.2,36,650,600,530,31.8,117.2,135
1,607.5,47,674,766,595.8,31.8,150.4,130
1,630,52,693,770,565.6,28.6,196.1,130
1,563,50,700,820,565.6,31.8,207.4,130
1,385,32,670,440,565.6,31.8,95,130
2,429.2,34,736,718,565.6,31.8,103.4,130
1,476.8,53,674,718,525.6,31.8,102.1,130
1,547,53,674,804.9,593,31.8,184.8,130
1,494,50,609,600,565.6,28,109.3,130
1,520,50,674,768,565.6,35,165,130
1,550,53,674,738,,32,164.8,130
1,511.4,52,674,740,520,31.8,119.2,130
1,722,52,674,780,562.2,31.8,145.6,130
1,724.4,53,674,780,565.6,31.8,154.6,130
2,515.2,36,736,718,565.6,31.8,81.8,135
2,427,0,698.5,701,565.6,45,141,135
2,427,0,698.5,701,565.6,45,141,135
2,355.1,42,650,500,565.6,31.8,119.1,135
1,675,50,674,751,608.3,31.8,175,130
1,520,52,674,790,565.6,31.8,175,130
1,499.4,50,674,718,565.6,30,145,130
1,530,52,676,760,569.1,31.8,154.9,130
1,452.6,53,674,600,569.8,31.8,100,130
1,578.3,53,674,821.2,565.6,31.8,173,130
1,641.1,53,674,800,591.7,31.8,176.2,130
2,460,32,670,690,570,31.8,107.9,135
2,460,32,670,710,570,31.8,114,135
1,547.8,53,674,718,565.6,31.8,120,130
1,552,53,674,718,565.6,31.8,120,130
1,495.2,53,685,673,565.6,28.6,116,130
1,530.7,53,674,710,565.6,28.5,115.2,130
2,575,44,689,710,565.6,31.8,120,135
1,540,46,700,768,565.6,29,120,120
1,515.2,53,674,718,565.6,31.8,145,130
1,514.6,107,674,708,565.6,31.8,53.5,130
1,514.6,107,674,708,465.6,31.8,28.9,130
1,560,53,680,743,565.6,28.6,148.6,130
1,560,53,682,758,664.6,31.8,210,130
1,514.6,52,674,704,565.6,31.8,48.8,130
1,550,53,674,718,565.6,31.8,157.5,130
1,560,53,674,745,565.6,31.8,137.2,130
2,515.3,53,685,718,565.6,31.8,98.7,135
1,535.8,53,674,708,565.6,28.6,123.2,130
1,530.8,53,685,718,565.6,28.6,109.5,130
1,548.3,49,674,718,565.6,31.8,145,130
2,392.3,32,674,650,565.6,31.8,126.8,135
2,430,35,655,650,565.6,30,100,130
1,535.8,53,674,708,565.6,28.6,123.2,130
1,577.2,53,674,738,565.6,31.8,154,130
1,529,53,674,718,530,28.6,105.7,130
1,590,53,674,738,565.6,31.8,162.4,130
1,577.2,53,674,738,565.6,31.8,154,130
1,535.8,50,674,700,565.6,28.6,118.2,130
1,547,47,660,760,490,31.8,107.4,130
1,577.4,53,674,718,565.6,31.8,140,130
1,576.7,50,674,718,560,30,140.6,130
1,601.3,53,674,768,565.6,28.6,157.3,130
1,508,53,674,768,565.6,31.8,140,130
1,535.4,53,674,702,565.6,31.8,110,136
2,490.5,38,736,768,565.6,34.8,141.5,135
1,534.8,53,628,718,570,28.6,176,135
1,535.4,53,674,702,565.6,31.8,110,136
1,535.4,53,674,702,565.6,31.8,110,136
1,535.4,53,674,702,565.6,31.8,110,136
1,535.4,53,674,702,565.6,31.8,110,136
1,535.4,53,674,702,565.6,31.8,110,136
1,535.4,53,674,702,565.6,31.8,110,136
1,535.4,53,674,702,565.6,31.8,110,136
2,450,38,725,538,565.6,38,95,135
2,475,39,670,565,565.6,40,146.9,130
1,621,53,674,781.8,555,28,166.9,130
1,528,53,674,700,520,29,106.1,126
1,535.2,53,674,704,565.6,28.8,113.1,130
1,535.2,53,674,704,565.6,28.8,113.1,130
1,516.6,110,650,708,462.5,31.8,44.7,140
1,550,53,674,755,565.6,31.8,161,130
1,530,53,674,718,548,31.8,144.6,130
1,560,53,680,743,565.6,28.6,165,130
1,567.2,53,674,820,480,31.8,120,130
1,600,53,674,730,565.6,31.8,130,130
1,513.3,52,674,718,563.8,30,130,130
1,562.2,50,674,718,540,31.8,114.6,130
1,425.4,53,674,718,512,31.8,92.6,130
1,519.4,50,674,718,530,30,110,130
1,545.8,50,674,718,565.6,31.8,120,130
1,535.2,53,674,704,565.6,28.8,113.5,130
1,535.2,53,674,704,565.6,28.8,113.5,130
1,515,50,674,718,550,31.8,137.7,130
1,513,53,674,718,565.6,31.8,122.6,130
2,465,34,699,580,589.9,31.8,120,130
2,465,30,910,600,589.9,31.8,110,130
2,457,42,736,600,602,31.8,110,130
2,462.1,32,770,755,602.3,29,108.6,135
1,537.6,53,674,710,568.4,28.6,148,130
1,535.3,50,674,704,565.6,28.6,113.5,130
1,535.3,50,674,704,565.6,28.6,113.5,130
1,535.3,50,674,704,565.6,28.6,113.5,130
1,535.3,50,674,704,565.6,28.6,113.5,130
1,564,50,670,743,565.6,28.6,142.5,130
1,485.9,53,674,718,565.6,31.8,149.6,130
1,560.7,53,674,800,520,31.8,103.7,130
1,650.8,50,674,725,545,31.8,140.2,130
1,472.3,52,674,685,565.6,31.8,110,130
1,529.4,52,674,685,565.6,31.8,93.7,130
1,551.8,53,674,718,565.6,31.8,108.8,130
1,564,50,670,750,565.6,28.6,142.5,130
1,467,53,675,680,565.6,31.8,100,130
1,548.7,50,674,640,565.6,31.8,120.3,130
1,509.5,50,674,640,565.6,31.8,110,130
1,545,53,674,800,587,31.8,174.5,130
1,395,53,674,500,565.6,32,152.7,130
1,515.2,53,674,718,565.6,31.8,145,130
1,575,53,599,718,565.6,31.8,90,130
2,406,28,700,685,640.3,31.8,106,135
1,580,53,674,718,565.6,31.8,150,130
1,548.1,53,674,718,565.6,35,136.4,130
1,469.5,50,676,655,537,31.8,127.1,130
1,623,53,674,718,564,31.8,181.9,130
2,457.8,36,736,718,591.1,31.8,74.1,135
1,584,50,670,774,575.9,28.6,160.4,130
1,515.3,50,674,718,565.6,31.8,145,130
1,514.1,50,674,755,565.6,31.8,113.1,130
1,514.1,50,674,755,565.6,31.8,113.1,130
1,514.1,50,674,755,565.6,31.8,113.1,130
1,705.3,53,674,815,565.6,31.8,170,130
1,460.4,55,674,750,565.6,31.8,171.5,130
1,514,53,674,718,,31.8,132.7,130
1,514,53,674,718,,31.8,132.7,130
1,514,53,674,718,,31.8,132.7,130
1,514,53,674,718,,31.8,132.7,130
1,514,53,674,718,,31.8,132.7,130
1,514,53,674,718,,31.8,132.7,130
1,514,53,674,718,,31.8,132.7,130
1,514,53,674,718,,31.8,132.7,130
1,514,53,674,718,,31.8,132.7,130
1,514,53,674,718,,31.8,132.7,130
1,514,53,674,718,,31.8,132.7,130
1,514,53,674,718,,31.8,132.7,130
1,530,50,685,740,580.5,31.8,161.3,130
1,570.8,52,674,773,564.7,28.6,144.8,130
2,460,36,736,718,565.6,31.8,87.6,135
2,514.9,53,674,718,565.6,31.8,154.7,130
2,515.2,53,674,718,565.6,31.8,156.9,135
1,660,52,686,842,711.9,31.8,295,130
2,515.4,39,710,710,565.6,31.8,87.7,135
2,515.2,39,770,718,565.6,31.8,97.7,135
1,626.4,53,674,820,565.6,31.8,205,130
1,528.1,50,678,750,560,31.8,120,130
1,602,53,680,840,565.6,31.8,170,130
2,449.1,32,670,630,537.1,31.8,110,142
2,559,34,670,770,565.6,31.8,120.7,130
2,470,34,670,770,565.6,31.8,120.8,130
1,515.3,48,674,745,566,31.8,136.9,130
2,405,30,736,704,610,35,113.4,142
1,530,44,670,718,565.6,31.8,47.7,135
1,449.7,55,674,718,520,31.8,100.7,130
1,449.7,55,674,718,520,31.8,100.7,130
1,521.6,60,684,712,565.6,31.8,104.4,130
1,557.4,46,674,700,565.6,28.6,129.4,130
1,528,53,674,700,520,29,106.1,126
1,514.8,55,674,730,565.6,31.8,166,130
1,591.7,53,674,768,565.6,31.8,165,130
1,43.5,53,1320,50,1500,31.8,100,120
1,550.2,42,674,650,565.6,31.8,145,120
1,540,53,674,700,565.6,31.8,107.8,130
1,515.2,53,674,718,565.6,31.8,145,130
1,516,53,674,748,579.3,31.8,166.7,130
1,520,50,676,768,565.6,35,165,130
1,680,53,674,825,565.6,34.8,180,130
1,663.6,53,674,726.2,565.6,45,144.4,130
1,602,53,680,840,565.6,31.8,170,130
1,580,50,674,810,565.6,31.8,198.9,130
1,550,50,674,760,582,31.8,172,130
1,550,50,674,760,582,31.8,172,130
1,550,50,674,760,582,31.8,167.5,130
1,550,50,674,760,582,31.8,167.5,130
1,580,50,674,810,565.6,31.8,139.7,130
1,520,49,674,722,565.6,30,141.1,130
1,560.1,53,674,715,519,31.8,96.3,130
1,559.9,53,674,715,519,31.8,92.4,130
1,550,50,674,760,587,31.8,172.8,130
1,601.7,53,674,775,565.6,31.8,143.2,130
1,554.5,52,674,710,541.6,28.4,130,130
1,565,52,694,760,565.6,28.6,129.3,130
1,487.7,53,674,700,565.6,31.8,110,130
1,467.4,53,674,645,565.6,28.6,108.4,130
1,488.4,52,674,695,565.6,31.8,90,130
1,500,52,676,757.5,565.6,31.8,121.5,130
1,488.3,52,674,695,565.6,30,90.3,130
1,540.5,50,676,755,565.6,31.6,132.3,130
1,473.4,52,676,700,565.6,31.8,108.3,130
1,500,52,676,757.5,565.6,31.8,121.5,130
1,520,52,676,757.5,565.6,31.8,139.5,130
1,484.8,53,674,785,470,31.8,100.2,130
1,531,52,674,755,551,31.8,139.9,130
2,483,40,699,650,615.2,30,125.7,135
1,490,50,687,650,565.6,31.8,145,130
1,105,60,431.8,625,565.6,30,700,130
1,546.3,50,674,730,510,31.8,84,130
1,515.2,50,674,718,565.6,31.8,145,130
1,505.8,50,674,800,545,31.8,128.4,130
1,515.2,45,674,718,565.6,31.8,145,130
1,434.3,50,615,600,487.3,31.8,115,130
1,480.2,53,674,615,510,31.8,94.5,130
1,514.8,50,674,718,565.6,31.8,145.3,130
1,517,10,674,590,565.6,0,177.6,130
2,410,32,675,655,599,31.8,105.9,130
1,515.2,50,674,718,565.6,0,153,130
2,517.5,55,680,683,565.6,31.8,79.3,135
1,455,54,674,658,500,31.8,122.9,130
1,948.4,48,486,1000,100,31.8,191.8,130
1,948.4,52,685,1150,100,31.8,138.4,130
1,948.4,52,685,1150,100,31.8,138.4,130
1,539.2,52,674,718,522,31.8,102.4,130
2,440,28,736,740,565.6,31.8,104.3,135
1,539.2,52,674,718,522,31.8,102.4,130
1,533.5,53,674,718,526,35,90.3,130
1,513,53,674,718,565.6,31.8,122.6,130
1,513,53,674,718,565.6,31.8,122.6,130
1,513,53,674,718,565.6,31.8,122.6,130
1,948.4,52,685,1150,100,31.8,138.4,130
1,555,47,680,724,522.5,31.8,126.3,130
1,544.6,45,674,665,565.6,31.8,145,130
1,544.6,45,674,665,565.6,31.8,145,130
1,513,53,674,718,565.6,31.8,122.6,130
1,540,50,676,709,565.6,50,151,130
1,515.2,45,674,718,565.6,31.8,140.9,130
1,540,52,672,718,565.6,29,108.4,130
1,509.7,53,674,718,565.6,0,142.8,130
1,580.6,48,674,718,565.6,31.8,165.7,130
1,515.2,53,674,718,565.6,31.8,145,130
1,611,10,1000,718,615,0,68,130
1,660,52,700,842,711.9,31.8,295,135
1,574.1,55,674,718,503,31.8,87.5,130
1,565.2,50,674,718,565.6,31.8,145,130
1,547.3,58,674,790,525,31.8,94.2,130
1,534.8,53,674,718,521.7,31.8,114.4,130
1,532.1,53,674,718,504,31.8,88.4,130
2,517.5,46,680,683,565.6,31.8,79.3,135
1,513,53,674,718,565.6,31.8,122.6,130
1,560,44,744,800,564.8,28.6,34.4,135
1,515.2,45,674,718,565.6,31.8,145,130
1,625,50,689,837,610,34.9,185.9,130
1,625,50,670,837,610,34.9,185.9,130
1,500,52,693,770,626.9,25.4,200.3,130
1,582,53,674,718,565.6,31.8,110,130
1,589.9,53,670,745,604,28.6,207,130
1,574.6,50,674,718,504.1,31.8,80.7,130
1,549.4,53,674,700,545,28.6,111,130
1,463.8,53,674,705,565.6,31.8,110.1,130
2,582.5,32,736,806,565.6,31.8,139.1,135
2,401.8,42,670,670,539.5,29,110,135
1,548.6,53,674,718,510,31.8,89.3,130
1,488.5,53,674,740,525,31.8,104.2,130
1,554.5,52,678,706,550,28.5,125,130
1,660,42,689,850,552.1,30,280,135
1,557.3,53,674,718,535,31.8,117.9,130
1,610,50,674,775,573,31.8,162.5,130
1,537,50,674,775,560,31.8,146.9,130
1,480,53,674,705,494,28.6,84.7,130
1,570.8,56,674,718,520,31.8,89.7,130
1,376.4,53,468,656,335,31.8,69.6,130
1,454.7,50,674,718,600,31.8,105.9,130
1,526.9,50,689,710,565.6,28.6,121.9,135
1,539.3,50,693,660,565.6,28.6,104.7,135
1,599.9,53,680,699,559.6,31.8,147.7,130
1,533,58,674,710,565.6,31.8,146.2,130
1,548.1,50,674,755,565.6,31.8,150.1,130
1,548.1,50,674,755,565.6,31.8,150.1,130
1,548.1,50,674,755,565.6,31.8,150.1,130
1,520,53,674,680,528,31.8,107.4,130
1,600,53,676,763,584,28.6,175,130
1,625.4,50,689,753,565.6,31.7,170,135
1,596.3,53,676,740,590.9,28.6,169,130
1,468.3,53,674,725,555,31.8,135.5,130
2,514.4,53,674,752.5,565.6,31.8,143.9,130
1,514,53,674,718,,31.8,132.7,130
1,514,53,674,718,,31.8,132.7,130
1,492.4,53,674,708,565.6,31.8,145,130
1,514,53,674,718,,31.8,132.7,130
1,514,53,674,718,,31.8,132.7,130
1,533.4,53,685,718,569.5,31.8,132.4,130
1,524.1,50,674,662,510.6,28.6,101,130
1,562.5,46,692.5,718,565.6,28.6,149,120
1,606.1,50,670,758,565.6,28.9,188.5,130
1,479.3,42,674,740,555.9,35,119.5,130
1,549.5,57,717.5,702,565.6,28.6,102.3,110
1,537,53,674,715,565.6,31.8,79.2,130
1,650,53,674,740,565.6,28.6,112.3,130
1,534.1,53,674,728,515,27,93.8,130
1,626,50,684,758,565.6,28.9,203.7,130
1,562.5,46,692.5,704,565.6,28.6,138.9,120
1,635,53,674,777,565.6,28.6,203,130
1,562.5,46,692.5,704,565.6,28.6,138.9,120
2,508,36,736,785,565.6,31.8,138.8,135
1,543.2,50,674,716,565.6,28.6,111.4,130
1,550.2,48,695,695,565.6,28.6,116.9,130
1,510,53,676,760,565.6,35,163.4,130
1,568.9,53,676,760,565.6,35,155,130
1,697,53,674,807,665,31.8,247.2,135
1,697,53,674,807,665,31.8,247.2,135
1,620,46,670,800.5,585,31.8,166.9,135
1,545,53,674,718,510,31.8,88.6,130
1,618.8,53,674,735,565.6,28.6,185.2,130
1,523,53,674,718,540,31.8,133.7,130
1,618.8,53,674,735,565.6,28.6,185.2,130
1,618.8,53,674,735,565.6,28.6,185.2,130
1,618.8,53,674,765,565.6,28.6,185.2,130
1,520,52,671,718,565.6,29,122.7,130
1,550,52,674,700,545.7,31.8,122.5,130
1,516,53,672,768,571,29,158.3,130
1,618.8,53,674,765,565.6,28.6,185.2,130
1,540,52,674,700,545.7,31.8,112.4,130
1,618.8,53,674,765,565.6,28.6,185.2,130
1,624.8,53,674,765,565.6,28.6,185.3,130
1,606.8,53,674,765,575,31.8,153,130
1,500,44,668,685,,28.6,135,135
1,547,53,674,718,515,31.8,112.6,130
1,550,52,674,700,545.7,31.8,122.5,130
1,572.2,53,674,735,565.6,31.8,150,130
1,530,53,674,698,602.8,31.8,218,130
1,530,53,674,698,602.8,31.8,218,130
1,578.7,53,674,718,565.6,31.7,142.6,130
2,493,30,905,775,672,30,89.7,148
2,493,32,745,775,637,30,113.2,135
1,622.9,53,674,818,567,31.8,138.7,130
1,550,53,674,777,517.5,31.8,159.4,130
2,381.1,46,650,636,500,31.8,86.9,135
1,740,53,674,810,571,34.9,190.5,130
1,740,53,674,810,571,34.9,190.5,130
1,550.2,46,690,704,565.6,28.6,118.7,130
1,550.2,46,690,704,565.6,28.6,118.7,130
1,550.2,46,690,704,565.6,28.6,118.7,130
2,460.9,39,736,740,565,31.8,108.3,130
1,550.2,46,690,704,565.6,28.6,118.7,130
1,550,53,486,710,565.6,31.8,293.5,130
1,447.8,53,664,718,632.5,31.8,170,130
1,593.1,53,674,791,601.5,28.5,190.5,135
1,550.2,46,690,685,565.6,28.8,117,130
1,745,53,674,810,571,34.9,190.3,130
1,560,53,674,755,571.7,31.8,163.3,130
1,554.3,52,678,724,550,28.6,125,130
1,550.2,46,690,685,565.6,28.8,117,130
1,550.2,46,690,685,565.6,28.8,117,130
2,515.2,53,674,718,565.6,31.8,145,130
2,511.4,36,738,724,630,31.8,139.3,135
1,550.2,46,690,685,565.6,28.8,117,130
1,550.2,46,690,685,565.6,28.8,117,130
1,614.8,53,674,765,565.6,28.6,177.4,130
1,573,53,674,718,565.6,31.8,115.8,130
1,610,46,690,796,576.3,31.8,145.4,120
1,661.2,52,674,710.9,565.6,30.25,131.9,130
1,475.3,53,674,670,565.6,28.6,101.4,130
1,602.6,48,674,785,565.6,28.6,156.9,130
1,550.2,46,690,685,565.6,28.8,117,130
1,550.2,46,690,685,565.6,28.8,117,130
1,580,53,674,735,565.6,31.8,161.4,130
1,599.2,54,630,780,565.6,31.8,100,130
1,702,70,685,800,565.6,31.8,153,130
2,457,42,628,650,579,33,146,135
1,602.6,46,674,745,565.6,28.6,156.9,130
2,470,34,736,730,625,31.8,115.4,135
2,470,34,736,730,625,31.8,115.4,135
1,528,52,674,760,565.6,31.8,150,130
1,560,51,674,750,564,31.8,160.4,130
1,560,51,674,750,564,31.8,160.4,130
1,547.1,48,725,685,565.6,28.6,115,120
1,484.1,53,674,683,520.5,31.8,110.2,130
1,547.1,48,725,685,565.6,28.6,115,120
1,550.2,46,690,685,565.6,28.8,117,130
1,613.7,52,674,716,565.6,31.8,118.9,130
1,515.2,53,674,718,565.6,31.8,145,130
1,613.5,52,676,716,565.6,31.8,110,130
1,602.6,46,674,745,565.6,28.6,156.9,130
1,500,53,672,750,560,31.8,150,130
1,630,53,674,816,565.6,31.8,182.4,130
1,500,44,688,745,565.6,30,136,130
1,547.1,48,725,685,565.6,28.6,115,120
1,547.1,48,725,685,565.6,28.6,115,120
1,517,53,674,718,565.6,31.8,104,130
1,510,53,674,748,565.6,31.8,145.1,130
1,548.4,52,682.5,704,536.7,28.85,117,129
1,575,50,674,740,565.6,28.6,143,130
1,570,56,674,768,565.6,31.8,137.2,130
1,548.4,52,682.5,704,536.7,28.85,117,129
1,548.4,52,682.5,704,536.7,28.85,117,129
1,512.4,53,658,684,560.7,42,151.3,130
1,330.9,36,486,450,565.6,31.8,123.9,130
2,483,32,738,742,565.6,29,136.7,142
1,515.2,53,674,718,565.6,31.8,145,130
1,622.6,53,674,818,567,31.8,138.2,130
1,548.4,51,682.5,704,536.7,28.85,117,129
1,548.4,52,682.5,704,536.7,28.85,117,129
1,520,46,674,770,,34.9,140,135
1,490.8,53,674,718,525,31.8,104.2,130
2,470,34,736,718,565.6,31.8,114.8,130
2,470,34,736,718,565.6,31.8,114.8,130
1,572,53,674,658,513,31.8,120.6,130
1,599.8,50,674,770,565.6,28.8,173,130
1,510,53,674,710,565.6,31.8,120.8,130
1,500,52,674,714,523.9,31.8,145,130
1,500,53,661,680,523,27,116.3,130
1,589.1,46,676,735,577.1,28.6,167.7,130
1,515.1,46,668,718,550,26.8,131.2,130
1,581.9,53,674,733,550,31.8,150.2,130
1,469.5,52,674,620,565.6,31.8,99.51,130
1,149.7,39,304,250,565.6,31.8,100,130
1,552.4,46,685,704,565.6,28.6,112,120
1,552.4,46,685,704,565.6,28.6,112,120
1,552.4,46,685,704,565.6,28.6,112,120
1,552.4,46,685,704,565.6,28.6,112,120
1,510,53,674,760,565.6,34.9,155,130
1,467,53,675,680,565.6,31.8,100,130
1,511.8,53,674,740,550,31.8,100,130
1,590.9,53,674,718,565.6,31.8,163.4,130
1,555.7,53,684,720,565.6,31.8,142.8,130
1,546.7,44,676,718,565.6,31.8,137.7,130
1,499.9,52,674,620,565.6,31.8,114,130
2,400,42,736,600,526.4,31.8,86.1,130
2,400,30,736,600,526.4,31.8,92.1,130
1,683.1,53,674,768,565.6,25,144.1,130
1,567.6,56,674,768,565.6,35,224.9,130
1,531.4,53,674,706,565.6,28.6,125,130
1,695.7,55,674,768,565.6,31.8,165.3,130
1,486,53,674,715,565.6,31.8,151.4,130
1,571.8,53,674,770,565.6,40,134.8,130
1,507,53,675,705.7,565.6,31.8,134.5,130
1,522.5,46,625,665,565.6,28.6,120,110
1,557.7,53,674,760,565.6,31.8,136.4,130
1,557.7,53,676,760,565.6,31.8,105.9,130
1,490,53,674,718,535,31.8,119.7,130
2,470,53,736,720,599.3,31.8,99.7,135
1,627,53,674,835,593,31.8,174.9,130
1,582.6,53,680,745,565.6,31.8,155.5,130
1,582.4,53,674,720,565.6,31.8,145,130
1,570,53,680,745,551,28.6,140.2,130
1,563.4,53,674,740,525,31.8,105.9,130
1,540,50,686,716,585,32,162.9,135
1,540,50,686,716,577,32,154.2,135
1,540,50,686,716,577,32,156.8,135
1,579.6,53,674,718,550,28,125.2,130
1,579.6,53,674,718,550,28,125.2,130
1,514.2,53,674,693,560,31.8,158.4,130
1,463.9,53,674,645,505,31.8,118.2,130
1,524.2,53,674,820,564,31.8,160,130
1,510,50,680,715,524.7,35,112.4,120
2,430,32,736,730,,30.9,130.1,135
1,550.4,50,674,704,565.6,28.6,123.6,126
1,550.4,50,674,704,565.6,28.6,123.6,126
1,550.4,50,674,704,565.6,28.6,123.6,126
1,550.4,50,674,704,565.6,28.6,123.6,126
1,550.4,50,674,704,565.6,28.6,123.6,126
1,550.4,50,674,704,565.6,28.6,123.6,126
1,550.4,50,674,704,565.6,28.6,123.6,126
1,550.4,50,674,704,565.6,28.6,123.6,126
1,550.4,50,674,704,565.6,28.6,123.6,126
1,550.4,50,674,704,565.6,28.6,123.6,126
1,550.4,50,674,704,565.6,28.6,123.6,126
1,695,53,674,768,565.6,31.8,152.5,130
1,483,53,680,705,515.2,28.95,126.9,130
1,548,53,682.5,715,515.2,28.95,126.2,130
2,460,53,736,720,572.1,31,115.2,135
1,541.1,52,686,704,565.6,28.6,115,126
1,515.8,53,676,694,554,31.8,132.2,130
1,541.1,52,686,704,565.6,28.6,115,126
1,541.1,52,686,704,565.6,28.6,115,126
1,541.1,52,686,704,565.6,28.6,115,126
1,515,53,674,708.5,547,31.8,144.6,130
1,525,53,661,705,515.2,29.1,102,130
1,483,53,674,705,515.2,28.95,126.9,130
1,541.1,52,686,704,565.6,28.6,115,126
1,525,52,685,705,515.2,29.1,102,120
1,590,42,692,800,580.2,34.9,165.4,135
1,540,53,680,730,556.8,31.7,144.8,130
1,560,53,674,718,565.6,31.8,144.9,130
1,690,53,674,768,565.6,31.8,123.3,130
2,530,44,658,671,565.6,32,145,135
1,582.3,46,674,715,565.6,28.6,134.9,130
2,496.3,34,736,730,647,31.8,130,130
1,525,52,635,705,515.2,29.1,102,120
1,525,52,635,705,515.2,29.1,102,120
1,525,52,635,705,515.2,29.1,102,120
1,525,52,635,705,515.2,29.1,102,120
1,525,52,635,705,515.2,29.1,102,120
1,525,52,635,705,515.2,29.1,102,120
1,525,52,635,705,515.2,29.1,102,120
1,525,52,635,705,515.2,29.1,102,120
1,525,52,690,705,515.2,29.1,102,120
1,545,46,628,685,515.2,28.6,115,130
1,637.5,53,674,828,620.6,31.8,209.1,130
1,580,56,570,680,565.6,31.8,125.8,120
1,690,53,674,768,565.6,31.8,162.2,130
1,504.5,44,635,700,565.6,34,134.3,135
1,504.5,44,635,700,565.6,34,134.3,135
2,368.1,36,699,640,576,35,115.8,135
1,504.5,44,685,700,565.6,34,170.1,135
1,570.2,53,674,750,652.7,31.8,135.9,130
1,515.2,53,674,718,565.6,31.8,143,130
2,397,34,670,690,533.2,31.8,116.5,135
1,400,46,670,480,546.3,28.6,98.1,130
1,596,53,674,768,565.6,28.8,135,130
1,597.3,53,674,805,580,34.9,163.6,130
1,525,52,690,705,515.2,29.1,102,120
1,563.7,53,680,769.5,561,31.8,142,130
1,563.9,52,682,762,571,31.8,152.4,130
1,584.8,53,674,731,565.6,29,139.9,130
1,580,53,674,731,565.6,29,139.9,130
1,504.5,44,635,700,565.6,34,134.3,135
1,504,44,635,700,565.6,34,170.1,135
1,504.5,44,635,700,565.6,34,134.3,135
1,615.8,53,674,800,565.6,27.2,172.5,130
2,550,39,736,796,565.6,31.8,135,130
2,550,39,736,796,565.6,31.8,135,130
2,550,39,736,796,565.6,31.8,138,130
2,545,39,740,790,565.6,31.8,138,130
1,424.7,50,674,749.9,600,31.8,87.4,130
1,513.2,53,674,718,565.6,27.2,143.3,130
1,523.3,50,674,706,620.9,31.8,111.3,130
1,513.6,50,674,706,620.9,31.8,111.3,130
1,503.9,50,674,706,620.9,31.8,111.3,130
1,494.2,50,674,706,620.9,31.8,111.3,130
1,520,50,674,764,585,31.8,160.8,130
1,480,53,674,720,506,31,110,130
1,540,53,674,800,599,31.8,195.9,130
1,551.6,53,674,736.6,541.3,31.8,140.3,130
1,535.1,50,674,706,620.9,34.9,130,130
1,535.3,52,682,704,565.6,28.6,113.5,130
1,535.3,52,682,704,565.6,28.6,113.5,130
1,520,53,674,718,585,31.8,163.2,130
1,520,53,676,720,585,31.8,176.6,130
2,475.2,32,736,738,565.6,31.8,114.1,135
1,535.3,52,682,704,565.6,28.6,129.2,130
2,529.2,44,670,634.9,565.6,32,135.8,135
1,535.3,52,682,704,565.6,28.6,129.2,130
2,490,36,736,735,565.6,31.8,94,135
1,541.1,52,686,704,565.6,28.6,115,126
1,541.1,52,686,704,565.6,28.6,115,126
1,535.3,52,682,704,565.6,28.6,113.5,130
2,305,28,670,440,480,31.8,76.6,135
1,510,50,661,724,561.1,31.8,139.3,135
2,305,28,670,440,510,31.8,69.6,135
1,498.6,50,674,746,579,28.6,157.4,130
1,627.3,53,674,850,565.6,31.8,195,130
1,587.4,52,674,718.5,565.6,28.6,173.1,130
1,587.4,52,674,718.5,565.6,28.6,173.1,130
1,587.4,52,674,718.5,565.6,28.6,173.1,130
1,560,54,682,705,515.2,28.6,158.6,120
2,400,39,699,690,600,31.8,114.7,135
2,480,32,736,740,660,31.8,144.9,148
1,550.2,46,705,685,565.6,28.8,117,130
1,565,50,674,860,599,31.8,194.6,130
1,555.7,53,670,790,565.6,28.6,180.4,130
1,460,53,674,707.5,526.7,35,130.5,130
1,480,53,674,707.5,547.5,35,149.5,130
1,480,53,674,707.5,547.5,35,149.5,130
1,563,53,674,706,544.1,31.8,139.2,130
1,710.4,50,689,768,584,28.6,150.2,130
2,610,42,780,850,740,33,190.9,148
1,565,52,682,705,515.2,28.6,166,120
2,555,34,736,740,565.6,31.8,105,135
1,627.8,52,689,839,565.6,31.8,190.2,130
1,565,54,682,705,515.2,28.6,166,120
1,525,52,690,705,515.2,29.1,102,120
1,499,36,699,700,550,31.8,112,135
1,548.3,36,699,700,575,31.8,138.2,135
1,570,44,678,774.7,617.5,28.6,208.8,132.5
1,515.2,53,674,718,565.6,31.8,145,130
2,533,44,670,820,600,31.8,139.9,130
1,518,53,674,706,565.6,50,148.1,130
1,523.4,53,680,712,552.8,31.8,140,130
2,520,22,730,820,647.8,31.8,120.4,135
1,536.9,53,680,715,564.1,28.6,146,130
1,510,53,685,686,564.1,28.6,146,130
1,515.2,53,674,718,565.6,31.8,145,130
1,540,49,674,710,514,31.8,110.4,120
1,721.8,53,674,718,565.6,31.8,145,130
1,570,49,674,710,514,31.8,119.7,120
1,632.4,53,674,777,594.3,40,176.5,130
2,358,32,670,500,565.6,28,100,135
1,451.2,50,640,600,475.8,28.6,100,130
1,451.2,50,609,600,475.8,28.6,99,130
1,515.2,53,670,718,565.6,31.8,79.4,135
1,530,50,680,680,556.8,31.7,89.5,130
1,418.3,53,592,718,565.6,31.8,146.8,130
2,470,32,750,680,625.9,35,120,135
1,513.6,50,674,730,548,31.8,136.5,130
1,587,50,674,815,583,31.8,173.4,130
2,440,32,723,734,565.6,29,109.8,142
1,422,50,609,600,475.8,28.6,100.1,130
1,575.3,53,674,718,565.6,31.8,127.1,130
2,526.9,34,736,788,618.8,31.8,110.6,130
1,527.4,50,689,705,565.6,34.95,122,130
1,570,50,674,720,514,31.8,119.7,120
1,508.2,44,671,706,552.5,31.8,132.4,130
1,566.8,50,674,815,554,31.8,143.2,130
1,540,53,674,718,551,31.8,118.9,130
1,490.2,53,674,718,546.5,31.8,113.8,130
1,555,42,689,759,583,28.6,145.4,142
1,555,42,689,759,583,28.6,145.4,142
1,555,42,689,759,583,28.6,145.4,142
1,555,42,689,759,583,28.6,145.4,142
1,555,42,689,759,583,28.6,145.4,142
1,555,42,689,759,583,28.6,145.4,142
1,539.5,62,725.5,702,565.6,29,114.3,110
1,555,42,689,759,583,28.6,155,142
1,555,42,689,759,583,28.6,145,142
1,555,42,689,759,583,28.6,145,142
1,555,42,689,759,583,28.6,160,142
2,490,32,699,690,571,31.8,129.7,130
1,550,53,674,749,562,31.8,144.4,130
2,423,32,788,742,640.7,35.6,122.8,142
2,403,32,788,742,655.1,35.6,139.3,142
2,403,32,788,742,635.1,35.6,101.2,142
2,450,36,670,755,565.6,30,120,135
1,597,52,676,770,565.6,31.8,155,126
2,457,34,660,750,565.6,30,109,135
1,626.9,53,680,845,593,31.8,189.9,130
1,550,53,680,845,595,31.8,203,130
1,540,53,680,845,590,31.8,185.8,130
1,513.3,53,674,720,526,31.8,110.8,130
1,512.6,53,674,720,526,31.8,121.8,130
1,478.4,53,674,700,500,31.8,93.8,130
1,567.4,53,674,720,555,31.8,137.1,130
2,635,32,736,718,600,31.8,104.8,135
1,461.5,50,676,665,593,34.9,104.6,130
2,381,32,699,610,610.6,31.8,110.1,135
2,406,32,670,500,608,31.8,110,135
2,390,39,740,680,595,34.9,98.1,130
1,560,50,685,718,565.6,28.6,145.2,130
1,540,50,685,718,565.6,28.6,130,130
1,426,53,676,580,546.8,31.6,140,130
1,426,53,676,580,546.8,31.6,140,130
2,496,48,670,720,506,29.3,120.7,135
2,400,53,670,718,541,31.8,112.8,130
2,500,32,707,835,643,34,130,135
2,500,32,707,835,643,34,130,135
1,490,50,661,690,532.7,28.6,141.1,135
2,490,32,699,620,627.4,55,113,135
1,555,42,689,759,583,28.6,145.4,142
1,555,42,689,759,583,28.6,145.4,142
2,440,32,788,742,635.1,35.6,91.5,142
1,565.6,53,674,735,565.6,28.6,142.1,130
1,568.1,53,676,795,608.2,31.8,190.7,130
2,504.9,34,740,724,565.6,31.8,64.3,170
1,620,50,680,815,705,28,204.3,130
2,480,53,700,725,565.6,40,98.4,135
1,568.8,53,674,755,565.6,35,154.7,130
1,580,53,679,795,619,31.8,200.7,130
1,55,53,669,766,565.6,29,111,130
1,700,47,679,767,565.6,29,155.6,130
1,570,53,672,766,565.6,30,160.8,130
2,530,53,670,770,577.1,31.8,160,130
2,593.3,36,699,718,533,31.8,128.1,150
1,547.3,53,674,718,526,31.8,103.2,130
1,547.3,52,674,718,526,31.8,103.2,130
1,462,55,674,718,555,31.8,162.7,130
1,550.6,58,674,728,565.6,31.8,120,130
1,485.6,46,674,718,565.6,20,125.6,130
1,488.3,54,674,740,555,31.8,132.5,130
1,600,42,676,795,592.1,31.8,180,130
2,440,32,723,733,565.6,29,109.8,142
2,440,32,736,733,565.6,29,109.8,142
2,470.8,42,736,718,565.6,28.6,100,130
1,460,53,674,718,530,27.2,152.5,130
1,535,50,674,800,631.6,31.8,214,135
1,565,50,674,800,571,31.8,170.8,130
2,470.8,42,670,718,565.6,28.6,100,130
1,530,46,674,707.5,567,31.8,140.2,130
1,644,52,670,766,565.6,28.4,110.3,130
1,500,50,680,700,530,28.6,115,130
2,475.2,34,736,738,565.6,31.8,115.6,135
1,645.9,53,674,775,565.6,25.4,200.7,126
1,645.9,53,674,775,565.6,25.4,200.7,126
1,645.9,53,674,775,565.6,25.4,200.7,126
1,645.9,53,674,775,565.6,25.4,200.7,126
1,645.9,53,674,775,565.6,25.4,200.7,126
1,578.1,53,674,718,588,31.8,174.3,120
1,569.8,53,674,718,566,31.8,155.5,130
1,560,48,725,720,565.6,28.6,131,120
1,620,50,680,760,590.2,28.6,170.5,142
1,558.8,62,715,702,565.6,29,135,110
1,549.1,62,715,702,565.6,29,134.7,110
1,549.1,62,715,702,565.6,29,134.7,110
1,577.4,53,676,805,564,31.8,142.6,130
1,577.4,50,676,805,564,31.8,142.6,130
1,578.2,50,676,805,564,31.8,174.1,130
1,510,52,676,795,573,31.8,170.3,130
1,600,52,674,795,584,31.8,172.2,130
1,539.7,53,674,691,550,28,101.3,130
2,469.1,36,736,795,625,31.8,104.5,148
1,540,42,687,790,562.1,31.8,135,130
1,570,42,687,790,562.1,31.8,167,130
1,535,53,676,795,608.2,31.8,168.8,130
1,541.2,55,674,691,528.9,28.6,100.1,130
1,460.4,53,674,695,565.6,31.8,160.6,142
1,539.7,50,674,691,550,28,101.3,130
1,579.8,53,674,718,550,28,122,130
1,577.4,53,672,700,565.6,31.8,135.1,130
1,587.7,42,704,790,562.1,31.8,139.9,130
1,505,53,674,675,535.3,31.8,119.8,130
1,570,52,676,785,608.2,31.8,185.1,130
1,585.9,55,680,786,565.6,28.6,146.2,130
2,375,32,674,695,565.6,31.8,154.4,148
1,426.5,34,674,718,565.6,31.8,124,142
1,550.7,50,674,705,565.6,28.75,132,114.35
1,518.6,50,674,725,550.6,31.8,131.7,130
2,320.7,32,670,530,576,35,98.9,135
1,555.3,52,678,810,610,28,202.1,130
1,567.7,56,674,760,565.6,31.8,138.2,130
1,540,53,674,798,565.6,31.8,134.2,130
1,510,53,674,798,565.6,31.8,104.4,130
1,540,53,674,798,565.6,31.8,134.2,130
1,550,53,674,770,565.6,31.8,160,130
1,545,50,695,705,515.2,29,135.8,120
1,575,52,678,810,630,28,223,130
1,555,53,680,850,594.4,31.8,185,130
1,560,50,695,705,515.2,28.85,155.5,120
2,460,32,736,750,599.5,34.9,120,135
1,600,53,486,718,556,31.8,243.1,130
1,480,53,674,640,524.9,31.8,110,130
1,514.8,50,674,718,565.6,31.8,144.9,130
2,520,32,745,840,658,35,170,142
1,535.1,53,674,715,565.6,31.8,129.6,130
1,560,60,695,705,515.2,28.85,155.5,120
1,560,60,695,705,515.2,28.85,155.5,120
1,560,60,695,705,515.2,28.85,155.5,120
1,560,60,695,705,515.2,28.85,155.5,120
2,470,34,770,775,630,31.8,99.5,130
1,580,42,680,810,586.6,33,213,120
1,616.1,53,674,751,565.6,31.8,119.4,130
1,570,53,674,743,560,31.8,149,130
1,570,53,674,743,560,31.8,149,130
1,640,53,674,733,620,31.8,208,130
1,580,40,685,733,600,31.8,181.8,142
1,485.6,37,736,733,622,31.8,129.7,130
1,560,53,674,733,565.6,31.8,128.4,130
1,560.1,50,674,768,565.6,35,190,130
1,500,53,674,715,565.6,31.8,150,130
1,560,60,695,705,515.2,28.85,135.1,120
2,548,48,628,735,565.6,29,142.2,130
2,548,48,628,735,565.6,29,142.2,130
1,499,44,567,615,565.6,28.6,140.1,126
2,472,32,730,727,609,33.5,95.7,148
1,570,38,685,768,565.6,35,195,130
1,580,52,674,745,577.1,28.6,148.9,130
1,537.2,48,674,680,794,36,111.3,130
1,541.3,52,672.5,685,565.6,28.35,123.3,120.55
1,541.3,52,672.5,685,565.6,28.35,123.3,120.55
1,590,46,676,710,554.7,31.8,120,130
1,570.3,52,674,800,591,31.8,193,130
2,514.9,36,650,718,510,31.8,151.5,135
1,640,53,674,730,560,31.8,151.2,130
1,560,60,695,705,515.2,28.85,155.5,120
1,520,53,674,754,578,31.8,156.1,130
1,520,52,680,730,578,31.8,156.1,130
1,510.7,56,674,740,565.6,31.8,134,130
1,536.7,53,670,718,544.5,28.6,151,130
1,585.7,40,680,795,552,28.6,109.4,135
1,559.5,50,676,733,565.6,28.6,160,130
2,470,44,736,734.5,565.6,33,105,135
1,590,52,674,740,565.6,34,200.1,130
1,550,50,674,800,627,31.8,213.6,130
2,533,32,750,796,644.4,34.9,140,142
1,527.7,53,674,690,522.6,31.8,101.1,130
1,585.7,42,680,795,552,28.6,107.5,135
1,493.7,50,676,710,593,31.8,136.7,130
1,596.8,53,674,730,513.1,31.8,150.3,130
1,500,53,674,710,513.1,31.8,160.4,130
1,500,50,674,710,513.1,31.8,160.4,130
1,498.7,50,676,710,593,28.6,136.5,130
2,490,32,780,760,565.6,35,120,148
1,340,36,449,495,515.2,28.6,120,130
2,513.9,39,736,650,525.1,31.8,117.4,135
1,499.2,44,567,605,565.6,28.6,127.2,126
1,541.9,52,672.5,685,565.6,28.35,129.3,120.55
1,585,52,685,786,608,31.8,181.5,135
1,520,53,680,754,578,31.8,156.1,130
1,565,52,676,881.3,564.2,40,145,130
1,565,52,676,790,564.2,40,145,130
1,566.6,53,680,840,565.6,28.6,199.6,130
2,590,34,749,865,660,33.4,151.4,135
2,590,34,749,865,660,33.4,151.4,135
1,469.9,36,567,585,565.6,28.25,108,126
1,534.6,46,690,715,558.9,28.6,137.4,130
1,470.3,36,567,550,565.6,28.25,108,126
1,515.2,53,674,718,565.6,31.8,145,130
1,522,45,588,790,565.6,28.8,144.1,130
1,574,53,674,738,565.6,28.6,141.5,130
1,593.1,40,690,787,610.1,31.8,160,135
1,500.7,50,676,710,593,28.6,134.8,130
1,430,30,750,750,635.3,35,120,130
1,500.7,50,676,710,593,28.6,135,130
1,560,48,695,720,565.6,28.6,131.3,120
1,560,48,725,720,565.6,28.6,131,120
1,560,48,725,720,565.6,28.6,131,120
1,581.9,53,674,740,565.6,31.8,145,130
2,410,30,740,700,596.7,31.8,100,170
2,385,30,740,700,594.1,31.8,100,170
2,385,30,740,700,594.1,31.8,100,170
1,611.9,53,685,800,585,31.8,173,130
2,385,30,740,700,594.1,31.8,105,170
2,385,30,740,700,581.3,31.8,105,170
2,395,30,740,695,581.3,31.8,110,170
1,555,46,660,790,565.6,28.9,140.6,130
1,514,48,693,790,565.6,30,147.7,130
2,520,30,760,812.8,655.1,35,130,135
2,390,30,740,695,595,31.8,120,170
2,480,32,730,680,601,33.5,99.9,141
2,479.7,44,736,715,592,31.8,100,135
2,380,30,740,695,595,31.8,120,170
1,531.3,53,674,718,529,28.6,106.1,130
2,483,40,628,718,615.2,30,125.7,130
2,503,53,628,718,615.1,30,120,135
2,503,53,628,718,615.1,30,120,135
1,515.2,53,674,718,565.6,31.8,145,130
1,550,50,674,820,566.5,27.2,177.1,130
2,445,32,723,634,565.6,32.7,120.1,142
2,500,53,723,634,565.6,32.7,180.1,142
1,495.2,53,674,618,565.6,31.8,145,130
1,560,43,641,686,565.6,28.6,140.9,130
1,532.6,52,670,665,565.6,28.6,120,126
1,532.6,52,670,665,565.6,28.6,120,126
1,532.6,52,670,665,565.6,28.6,120,126
1,532.6,50,670,665,565.6,28.6,120,126
1,560,48,725,720,565.6,28.6,131,120
2,528.4,50,628,705,565.6,34.95,122,135
1,591.5,52,670,665,565.6,28.6,119.2,126
2,430,32,740,734,565.6,32.7,105,142
2,430,32,740,734,565.6,32.7,105,142
1,570,48,674,718,565.6,31.8,153.5,120
1,561,52,672.5,685,565.6,28.6,133,120.55
1,561,52,672.5,685,565.6,28.6,133,120.55
1,708,53,674,884,696,31.6,291.7,142
2,520,32,750,794,655,35,133.8,135
1,540,53,685,780,565.6,31.8,138.8,130
1,561,52,662.5,685,565.6,28.6,133,121.3
1,561,52,689.5,685,565.6,28.6,133,121.3
1,561,52,689.5,685,565.6,28.6,133,121.3
1,667,50,684,840,565.6,30,209,130
1,518,53,674,706,565.6,50,148.1,130
1,587.3,50,674,718,565.6,31.8,145,130
1,515,53,680,755,583,31.8,184.9,130
1,515,53,680,755,583,31.8,184.9,130
1,596.8,50,674,730,513.1,31.8,137.7,130
1,500,50,695.5,706,626,31.8,199.6,130
1,597.3,52,690.7,770,578,31.8,178.8,130
1,569.7,46,690.7,770,566,31.8,166.5,130
1,556,50,695.5,750,565.6,31.8,158.1,130
1,550,50,679.6,750,565.6,31.8,156,130
1,555,50,695.5,750,575,31.8,151,130
1,485,53,680,665,515.2,28.95,145,130
1,485,50,680,665,515.2,28.95,145,130
1,511,48,688,787,565.6,29,183.7,130
1,485,50,680,665,515.2,28.95,145,130
1,485,50,680,665,515.2,28.95,145,130
1,548,53,674,718,565.6,31.8,136.9,130
1,582,50,674,755,573,31.8,162.3,130
2,450,32,723,734,599.2,32.7,110.1,142
1,552.3,48,670,665,565.6,28.6,125,126
1,552.3,48,670,665,565.6,28.6,125,126
1,552.3,48,670,665,565.6,28.6,125,126
1,485,50,680,665,515.2,28.95,145,130
1,485,50,680,665,515.2,28.95,145,130
1,552.3,48,670,665,565.6,28.6,125,126
1,552.3,48,670,665,565.6,28.6,125,126
1,515,52,676,755,581,31.8,186.3,130
2,480,36,699,670,560,30,100,135
2,480,32,723,790,565.6,34.9,120,142
1,510,53,617,670,565.6,31.8,112.1,130
1,520,50,695.5,750,551,31.8,126.8,130
1,520,50,695.5,750,551,31.8,126.8,130
1,515.2,53,674,718,565.6,31.8,145,130
1,650.5,53,680,720,543,31.8,130.7,130
2,482.6,32,750,840,565.6,32.7,125,148
1,500,53,674,718,577.2,31.8,154.4,130
1,575,50,672.5,640,503.6,28.8,140,120
2,457,34,660,750,565.6,30,109,135
1,575,50,672.5,717,503.6,28.8,140,120
2,460,38,736,728,565.6,32.7,110,148
1,575,50,676.5,717,503.6,28.8,140,113.5
2,420,53,690,718,520.9,35,135,130
2,460,53,710,718,584.5,35,150,130
2,530,45,670,750,530,32.4,117.2,135
2,419,30,740,700,602,33.7,93.6,130
1,555,50,695.5,800,575,31.8,154.9,130
1,575,46,676.5,717,503.6,28.8,140,113.5
1,520,44,676,757.5,565.6,31.8,139.5,130
1,550,52,674,718,552.9,29,130,130
1,575,46,676.5,717,503.6,28.8,140,113.5
1,570,50,674,710,514,31.8,119.7,120
1,651.5,53,674,835,565.6,31.8,191.8,130
2,460,32,730,790,614.9,31.8,110,135
1,575,46,676.5,685,503.6,28.8,140,113.5
2,420,32,736,740,565.6,32.7,120.2,142
1,605.3,53,698,842.1,565.6,34.9,229.3,135
2,500,34,660,770,580,30,161.6,135
2,500,32,669,770,580,30,149,135
2,480,36,740,768,618.1,35,115.1,142
2,435,32,723,700,565.6,32.7,110,142
2,435,32,723,700,565.6,32.7,120,142
2,435,32,723,700,565.6,32.7,120,142
2,435,32,723,700,565.6,32.7,120,142
1,485,50,680,665,515.2,28.95,145,130
1,485,50,680,665,515.2,28.95,145,126
1,485,50,680,665,515.2,28.95,145,126
1,550,50,674,815,582.3,31.8,160.7,130
1,540,53,674,818,588,31.8,178.6,130
1,580.5,53,674,805.3,565.6,28.6,121.1,130
1,597.5,53,674,828,591,31.8,172.3,130
1,553.2,54,680,698,565.6,28.6,124.2,115
1,553.2,48,680,698,565.6,28.6,124.2,115
2,470,32,745,790,657.7,31.8,120,135
1,553.2,48,680,698,565.6,28.6,124.2,115
2,480,32,736,770,635,32.7,123.1,142
2,470,32,745,790,657.7,31.8,120,135
2,516,32,758,790,630.3,31.8,130,135
2,466,32,758,790,630.3,31.8,120,135
2,480,32,745,790,657.7,31.8,120,135
1,598.8,50,680,774,565.6,31.8,209,130
1,635,53,674,718,565.6,31.8,184.5,130
2,460,32,726.24,675,602.8,32.7,136.7,148
2,480,32,745,790,657.7,31.8,120,135
2,480,32,745,790,657.7,31.8,120,135
1,623.8,53,675,765,565.6,28.6,180.4,130
1,514.7,50,680,650,565.6,28.6,100,130
2,450,32,723,734,565.6,32.7,101.9,148
1,613.7,53,674,768,565.6,31.8,185.8,130
1,525,39,685,705,508,31.8,134.9,120
1,525,39,685,705,508,31.8,128.9,120
1,623.8,53,675,765,565.6,28.6,180.4,130
2,480,32,710,700,565.6,35,130.2,142
1,600,54,674,743,566,27.2,144.2,130
1,567,52,680,855,640,31.8,208.7,130
1,555,50,680,855,635.2,31.8,213,130
1,570,53,674,855,609,31.8,210.4,130
2,470,32,736,800,632,32.7,123.5,148
1,610,53,674,855,632,31.8,226.4,130
2,325,32,670,420,542,32.7,93.3,142
2,380,53,736,734,565.6,32.7,53.7,142
2,320,32,670,420,547,32.7,98.6,142
2,467,32,699,763,578.1,31.8,153.4,148
1,550,46,668.5,675,503.6,28.8,175,113.5
1,550,46,668.5,675,503.6,28.8,175,113.5
1,550,46,668.5,675,503.6,28.8,175,113.5
1,597.1,53,674,698,565.6,31.8,145,130
1,629.9,53,698,842,662,34.9,229.4,130
1,675.1,46,685,740,550,31.8,131.7,130
2,440,39,696,780,613,32.7,125,142
1,550,46,692,675,503.6,28.8,175,112
1,550,46,692,675,503.6,28.8,175,112
2,400,36,699,700,565.6,35,120.1,148
2,370,39,736,717.9,585.2,32.7,110,142
1,605.3,48,689,842.1,565.6,34.9,229.3,135
1,537.9,52,674,740,565.6,31.8,126.2,130
1,515.2,53,674,718,565.6,31.8,145,130
2,432.4,32,736,734,630,32.7,110,148
2,320,32,670,450,513.3,32.7,95.8,142
2,380,36,744,715,655,35,133.8,157
2,390,39,699,718,466,31.8,108,142
1,523.4,42,674,718,565.6,31.8,150,130
2,460,39,696,790,652,32.7,119.8,142
2,468.4,32,723,763,625,32.7,110,142
2,596.1,39,736,782,565.6,28,151.3,142
1,605.2,48,699,842.1,565.6,34.9,226,135
2,419,32,710,720,591,35,110,142
2,419,32,710,720,614.8,35,110,142
2,380,32,710,720,604.4,35,110,142
1,494,52,674,720,546,31.8,136,130
1,642.2,53,674,828,610,31.8,198.5,130
1,593.1,53,674,800,584,35,190,130
1,595.1,53,674,795,584,35,190,130
1,534.7,53,674,747,565.6,31.8,170.5,130
1,548.1,53,674,798,591,31.8,191,130
1,568.3,48,680,698,565.6,28.6,130,115
1,549.7,48,655,698,565.6,28.6,153.2,115
2,480,32,736,796,638,32.7,145.4,142
1,548,52,678,801,572,28.6,157.9,130
1,600.1,53,674,795,584,35,195,130
1,595.1,53,674,795,584,35,190,130
1,595.1,53,674,795,584,35,190,130
1,540,50,680,760,590,31.8,187.7,130
1,545,52,678,801,572,28.6,161,130
1,595.1,53,674,795,584,35,190,130
1,595.1,53,674,795,584,35,190,130
2,550,32,711.2,800,654,32.7,149.8,142
1,515.2,53,674,736,565.6,31.8,145,130
1,514.8,53,674,718,565.6,31.8,145,130
2,420,32,710,755,565.6,35,180,142
1,510,42,685.6,710,566,31.8,142.1,142
1,622.7,49,677,830,526.2,31.8,194,130
1,627,49,678.5,830,526.2,30,194.6,130
1,627,49,678.5,830,526.2,30,194.1,130
2,480,32,670,684,565.6,32.7,132.6,142
1,570,44,680,761,588.2,28.6,180.3,130
2,500,32,609,750,565.6,32.7,120.1,142
1,527,50,674,710,546,31.8,139.9,130
1,568.7,51,680,704,565.6,28.6,125,123
1,568.7,51,680,704,565.6,28.6,125,123
2,360,32,670,700,565,32.7,102.4,135
1,568.7,51,680,704,565.6,28.6,124.6,123
1,568.7,51,680,704,565.6,28.6,124.6,123
1,510,42,685.6,710,553.9,31.8,129.2,142
1,570,50,674,795,555,31.8,175.2,130
1,660,50,674,795,555,31.8,155.5,130
1,516.5,60,686,759,565.6,31.8,180.5,135
2,415,34,736,597,594,32.7,99.6,148
1,565,44,695,777,590.2,33,185,130
1,522.9,42,676,718,522.4,31.8,120.5,130
2,660,32,780,776,565.6,31.8,211.6,142
2,640,36,780,776,623.9,31.8,192.8,142
2,640,36,780,776,624.8,31.8,191,142
1,519.4,40,686,718,573,31.8,157.4,135
1,560,50,674,785,556.8,35,153.4,130
1,515.1,55,674,765.2,551.4,51.8,124.8,130
1,587.5,46,689,768,576,31.8,147.2,130
1,520.7,53,715,742,560.7,41,140,130
1,580,53,685,718,566.6,31.8,146,130
1,580,53,685,718,566.6,31.8,146,130
1,539.1,53,674,763,595,31.8,162.8,130
1,546,55,674,715,528.9,28.6,108,130
1,546,53,674,715,528.9,28.6,108.3,130
2,420,32,754,708,615,32.7,110,142
1,586,46,685,833,582.6,31.8,165.6,135
1,586,46,685,833,582.6,31.8,165.6,135
1,586,46,685,833,582.6,31.8,165.6,135
1,586,46,685,833,582.6,31.8,165.6,135
1,573.8,53,675,735,565.6,28.6,130.7,130
1,585,50,674,810,598,31.8,190.2,130
2,480,32,745,790,657.7,31.8,120,135
2,480,32,745,790,657.7,31.8,120,135
2,480,32,745,790,657.7,31.8,120,135
1,665.9,48,699,815,564.9,30,156,135
1,660.3,48,699,815,564.9,30,156,135
1,660.3,48,699,815,564.9,30,156,135
1,607,53,674,746,565.6,31.8,170,130
1,444.9,53,674,618,565.6,31.8,192.1,130
2,389,32,736,733,625.6,32.7,103.7,142
2,510,32,750,805,662.4,32.7,120.1,142
2,510,32,750,805,667,32.7,130.9,142
1,577.9,50,685,718,590,31.8,170.3,135
1,698.6,52,674,880,565.6,31.8,366.7,130
1,570,52,674,855,660,31.8,273.3,130
1,570,53,674,760,565.6,30,146.8,130
2,483,32,736,735,610,34.9,149.4,142
1,687.2,53,680,860,687,31.8,267.8,125
1,555,48,689,760,529.7,31.8,174.6,130
2,483,32,736,735,610,34.9,149.4,142
2,500,32,790,810,647.2,32.7,181.4,148
2,500,32,724,740,615.7,32.7,120.1,135
1,540,34,688,770,618.1,32.4,177.2,170
1,415.1,53,674,520,601.9,31.8,149.9,130
1,641.2,52,682,740,529,31.8,115,130
1,579,51,672,704,565.6,28.6,136,123
1,579,52,672,704,565.6,28.6,136,123
1,487,53,680,715,565.6,28.6,105.6,130
1,515.2,53,674,718,565.6,31.8,145,130
1,581.2,53,676,747,558,31.8,148.1,130
2,460,32,745,740,658,35,167.1,142
2,440,32,735,735,629.9,35,100,148
1,550,53,674,845,630,31.8,223.3,130
1,530.7,53,674,718,565.6,31.8,145,130
1,468,56,680,768,483.6,42,104.3,130
2,440,32,736,734,640,32.7,101.6,142
1,579,52,672,704,565.6,28.6,136,123
1,579,52,672,704,565.6,28.6,136,123
1,532.6,50,670,665,565.6,28.6,120,126
1,480,53,674,725,530,31.8,134,130
1,532.6,50,670,665,565.6,28.6,120,126
1,645.6,53,674,795,620,28,201.4,130
1,639.2,53,674,795,620,28.5,201.4,130
1,639.2,53,674,795,620,28.5,201.4,130
1,547.6,53,680,718,565.6,31.8,133,130
1,547.6,50,680,718,565.6,31.8,133,130
1,577.7,48,649,700,565.6,28.6,134.7,115
1,547.6,53,680,718,565.6,31.8,133,130
1,566.8,53,680,723,565.6,31.8,117.5,130
1,483.5,53,674,660,565.6,31.8,57,130
1,582.2,53,674,718,565.6,31.8,150.1,130
1,520,60,674,745,535,31.8,126.1,130
1,508.8,50,685,652,565.6,31.8,107.1,130
2,444.5,32,723,740,565.6,32.7,105,135
1,745.4,32,1067,989,700,31.8,176.3,130
1,522.3,50,674,730,548,33.6,136,130
1,520,42,680,761,579,31.8,159.6,130
1,631.8,48,670,835,623.7,31.8,178.5,135
2,599.8,32,680,751,565.6,32.7,160,135
2,457.2,34,670,700,612.5,28.6,130,142
1,583.5,52,670,743,565.6,28.6,149.9,130
1,540,52,667,749,565.6,31.8,157.2,130
1,510,50,674,760,568.8,34.9,155,130
1,510,50,674,760,568.8,34.9,155,130
2,450,30,715,780,637,32.7,125.1,142
2,420,32,710,720,597,35,109.8,142
2,420,32,710,720,597,35,110,142
2,533,44,670,760,600,31.8,185.3,130
2,533,44,670,720,594.6,31.8,147.1,130
2,490,32,736,733,623.7,32.7,108.8,135
2,411.7,34,736,700,579.2,38.8,88,148
1,508.9,53,674,720,565.6,31.8,160.6,142
2,445,32,592,600,565.6,32.7,120.1,142
1,631,50,685,760,591.4,35,183.2,130
1,643,53,685,815,610.6,31.8,195.2,130
2,460,32,745,740,658,35,159.9,142
2,460,32,745,740,658,35,159.9,142
1,533,50,674,760,577,31.8,169.8,130
1,491.6,53,674,742,534,31.8,135,130
1,596,52,674,760,563,50,151.2,130
1,596,52,674,760,563,50,151.2,130
2,350,32,716,770,620,32.7,139.3,148
1,558.6,50,680,698,565.6,28.6,134.3,115
1,538.3,53,674,718,552,31.8,140,130
1,597.2,53,674,800,540,31.8,139,130
1,558.1,48,649,715,565.6,28.6,130.3,115
1,538.1,53,674,718,514,31.8,95,130
2,465,32,736,794,655,35,145.2,135
2,415,32,670,504,565.6,45.7,110.1,142
1,517.7,53,674,720,565.6,31.8,160.6,142
1,558.9,50,680,698,565.6,28.6,134,115
2,500,32,750,770,655,35,123.4,135
2,310,22,670,400,555,31.6,95,142
2,485,32,734,810,640,35,112.8,142
2,415,32,736,704,565.6,32.7,105.1,142
1,616.5,36,689,733,625.5,28.8,163.5,142
1,602.8,46,674,718,563,25.7,147.3,130
2,570,32,723,734,565.6,32.7,120.1,142
2,570,42,659,734,565.6,32.7,120.1,142
2,567,42,659,734,565.6,29,120.5,142
2,567,42,670,734,565.6,29,120.5,142
2,567,42,670,786,565.6,29,120.5,142
2,380,32,710,720,598.9,35,95,142
1,550,53,486,740,492.5,31.8,250,130
1,550,53,486,740,500,31.8,280.4,130
1,584.3,53,689,775,565.6,29,145.7,130